Raman Shift(cm-1),"x:13, y:11"
50.0,0.5217236018332595
51.0,0.5226852629860097
52.0,0.5375233745347773
53.0,0.5617184383922068
54.0,0.5896865618769703
55.0,0.61101329853761
56.0,0.6167754727032131
57.0,0.6057973902612623
58.0,0.5800066565559194
59.0,0.5411170224315227
60.0,0.4993350285045145
61.0,0.46175850264968393
62.0,0.43226817532737727
63.0,0.41435567483289454
64.0,0.40925659833336253
65.0,0.4128874253851538
66.0,0.41887356678075205
67.0,0.424025467423773
68.0,0.4236851443101467
69.0,0.413634458711656
70.0,0.39881942798234077
71.0,0.3816511054552528
72.0,0.3648208455491644
73.0,0.3535249854332071
74.0,0.34957584532757663
75.0,0.35171730517156097
76.0,0.3585958057749043
77.0,0.3679668564191596
78.0,0.3753261281122299
79.0,0.3772284516309603
80.0,0.3728166243766171
81.0,0.36262644258839494
82.0,0.34769648365500244
83.0,0.3326391043214373
84.0,0.32020591898096995
85.0,0.31188373691553994
86.0,0.3090867936964379
87.0,0.3116451954567668
88.0,0.3167257121220999
89.0,0.32135454666861385
90.0,0.3237814829367011
91.0,0.3211994054904392
92.0,0.31202930074337487
93.0,0.2999131792371373
94.0,0.28654159202331636
95.0,0.2738630837461955
96.0,0.2653445362554761
97.0,0.2619657541315708
98.0,0.262716773063494
99.0,0.26658988923288696
100.0,0.27190002435978244
101.0,0.2753775543194891
102.0,0.27468167951032973
103.0,0.2691886229406094
104.0,0.259243883062337
105.0,0.24551733901946374
106.0,0.23136088497096605
107.0,0.2188782662259499
108.0,0.2092368487662023
109.0,0.20351928958665405
110.0,0.20178912042744726
111.0,0.2022405645996742
112.0,0.20260129163358964
113.0,0.20158038177935866
114.0,0.19735105956130383
115.0,0.188052761087642
116.0,0.1764237162558271
117.0,0.16371528619472536
118.0,0.15122558853858856
119.0,0.14168529838056523
120.0,0.13616850663826377
121.0,0.1342091949106793
122.0,0.13518239647315564
123.0,0.1381486981793219
124.0,0.141323916993521
125.0,0.1424749241470879
126.0,0.1410404036288045
127.0,0.13710030549368118
128.0,0.13096919513672858
129.0,0.12463612760956773
130.0,0.11960784022124275
131.0,0.11672071524366177
132.0,0.116613520303834
133.0,0.1195218820147771
134.0,0.12452054505236165
135.0,0.12966691343711179
136.0,0.13401812379706846
137.0,0.13657563325767624
138.0,0.13524848613916485
139.0,0.13189070280202933
140.0,0.1274457414847094
141.0,0.12277383860499053
142.0,0.1193594239788894
143.0,0.118292590432346
144.0,0.11962990976767786
145.0,0.12283201654680605
146.0,0.12733741629856823
147.0,0.13216725622892128
148.0,0.13563378115873448
149.0,0.13718810778623713
150.0,0.1368747321241879
151.0,0.1348245842849958
152.0,0.1318093845541134
153.0,0.1290097049491999
154.0,0.12706383720408
155.0,0.12625862593576215
156.0,0.12675617226024577
157.0,0.12819866398937096
158.0,0.12949666265032647
159.0,0.13003614706170166
160.0,0.1293556198077451
161.0,0.12661643812392198
162.0,0.12244327130164817
163.0,0.11781996901340502
164.0,0.11337893381485795
165.0,0.10981270926287416
166.0,0.10803786563096449
167.0,0.10819187656282578
168.0,0.10967725816521169
169.0,0.11207415367602204
170.0,0.11483653515259369
171.0,0.11696853661953441
172.0,0.1178450723788919
173.0,0.11757934552194924
174.0,0.11631317221771283
175.0,0.11430067942675098
176.0,0.11218009939624025
177.0,0.11034523373642477
178.0,0.10892576334010391
179.0,0.10793281221046735
180.0,0.10720659921079063
181.0,0.10635837909591599
182.0,0.10512040246286622
183.0,0.10346316393419708
184.0,0.10139148192840246
185.0,0.09939772743158369
186.0,0.09814006071802168
187.0,0.09793209539635807
188.0,0.09896930459216104
189.0,0.10147565553542594
190.0,0.10524014908543738
191.0,0.10954995673833522
192.0,0.11368612286550756
193.0,0.11716454512493535
194.0,0.11941456810165316
195.0,0.11943342536909236
196.0,0.118039593718091
197.0,0.11561586972899965
198.0,0.11249978064298526
199.0,0.10924211333455677
200.0,0.10634868277228007
201.0,0.10402043485334608
202.0,0.10225374089222239
203.0,0.10101130276056713
204.0,0.10018318913274118
205.0,0.09954852608444903
206.0,0.09901552571771387
207.0,0.09863832088228217
208.0,0.0984784802589097
209.0,0.09884182470534032
210.0,0.09965649435070174
211.0,0.10080089848633249
212.0,0.10213958601457006
213.0,0.10342396223311687
214.0,0.10434237659271782
215.0,0.10474694528626313
216.0,0.10478781261348936
217.0,0.10466943418382385
218.0,0.10479953148315978
219.0,0.10641828215052561
220.0,0.10973341356099271
221.0,0.11487389276758359
222.0,0.12187850506484192
223.0,0.13066515887842683
224.0,0.14031258448962985
225.0,0.14967346291706463
226.0,0.15803573898329584
227.0,0.16473768321515816
228.0,0.16897140744517042
229.0,0.17057082495191248
230.0,0.170537096022455
231.0,0.16963509997772225
232.0,0.16848355744432275
233.0,0.16820902656346526
234.0,0.16912922552250842
235.0,0.17114742903168526
236.0,0.17404889029145185
237.0,0.1774575347126899
238.0,0.18073626029453624
239.0,0.1831878240349258
240.0,0.18468807729933
241.0,0.1851906799888998
242.0,0.184784921562393
243.0,0.18407304484490195
244.0,0.18365187937654426
245.0,0.1837690680732483
246.0,0.18455351850138857
247.0,0.1860726290332319
248.0,0.18809939861973132
249.0,0.19020397674191034
250.0,0.192139850730154
251.0,0.19377793455814357
252.0,0.1950226926690737
253.0,0.19609999586567797
254.0,0.19744879612408797
255.0,0.19923262223985672
256.0,0.2015769910404185
257.0,0.2045600679813414
258.0,0.20782285114150417
259.0,0.21088230893855298
260.0,0.21338027226443956
261.0,0.21498688765559848
262.0,0.2153503510753253
263.0,0.21440487029085106
264.0,0.21285887179407867
265.0,0.21117938525903016
266.0,0.20983427317280068
267.0,0.20966556903886532
268.0,0.21080265631678308
269.0,0.2130424475900323
270.0,0.21611951343491073
271.0,0.2196996578625436
272.0,0.22326754804067342
273.0,0.22629220614859943
274.0,0.22872140290931353
275.0,0.23065822868392633
276.0,0.23228215468967453
277.0,0.23437126628335453
278.0,0.2374948506870262
279.0,0.24181726950931545
280.0,0.24739033562069407
281.0,0.2542025086114359
282.0,0.26187658364610916
283.0,0.26972519250622906
284.0,0.2771447836604455
285.0,0.2838118687165369
286.0,0.2894418635501216
287.0,0.2935934367191448
288.0,0.2969373596672793
289.0,0.2999955087580705
290.0,0.30309964102782216
291.0,0.3066621774076254
292.0,0.3111042238791898
293.0,0.31644582744291583
294.0,0.32251316811313413
295.0,0.3291751373174912
296.0,0.33625862891009456
297.0,0.3435092184971353
298.0,0.3505724846293937
299.0,0.35720137925742224
300.0,0.3631765156231271
301.0,0.3681629838978567
302.0,0.3713581307391603
303.0,0.372502534874791
304.0,0.37137282394123433
305.0,0.3677245078149096
306.0,0.36112547548421386
307.0,0.35139125885347217
308.0,0.33940832795227033
309.0,0.32610616165675077
310.0,0.3121609446955607
311.0,0.2985125066216075
312.0,0.2867936964378503
313.0,0.27714674671983186
314.0,0.2695782604854884
315.0,0.2639833627742669
316.0,0.2601492103593618
317.0,0.2574022954112892
318.0,0.2548386588259298
319.0,0.25191804286548375
320.0,0.24836680894881444
321.0,0.24399471877538406
322.0,0.23866816533362045
323.0,0.23322602933465078
324.0,0.22801000208500702
325.0,0.22329443600560248
326.0,0.2194115640259255
327.0,0.21647667126994177
328.0,0.21424276917485177
329.0,0.21235371117864169
330.0,0.21055174163521062
331.0,0.20853145609335122
332.0,0.20588929713253537
333.0,0.20261170179700244
334.0,0.19884411494129117
335.0,0.19481092020193339
336.0,0.19076630402614558
337.0,0.1872192341748414
338.0,0.18443061908646952
339.0,0.18252210895633947
340.0,0.18156312470275268
341.0,0.1816157108996493
342.0,0.18261978603247558
343.0,0.18413497044554608
344.0,0.1857165419578662
345.0,0.18700282174915137
346.0,0.1876113106722913
347.0,0.1867300754677361
348.0,0.18448719088878704
349.0,0.18104017757954186
350.0,0.1765943834491489
351.0,0.17148079220748708
352.0,0.16638320287415692
353.0,0.16216458825275523
354.0,0.15935586667733462
355.0,0.15828659417822025
356.0,0.15920399726480391
357.0,0.16276724748438404
358.0,0.16762689022542168
359.0,0.1728952657253698
360.0,0.1778820909199878
361.0,0.18188524490206864
362.0,0.1837881038006317
363.0,0.18323297440081332
364.0,0.18065143233438397
365.0,0.1763630993614406
366.0,0.17078961684352542
367.0,0.16453459579863652
368.0,0.15870038330221686
369.0,0.15375787566041332
370.0,0.14978767728136502
371.0,0.14680228036116724
372.0,0.14468877924177725
373.0,0.1429469506995481
374.0,0.14113528483248114
375.0,0.13903058773700597
376.0,0.13651483790334554
377.0,0.1335676314112107
378.0,0.13037468557588577
379.0,0.12739345272105312
380.0,0.12494325717356924
381.0,0.12320475988363223
382.0,0.12245552555115123
383.0,0.12281054186685163
384.0,0.12403983344928275
385.0,0.12594376310751113
386.0,0.1283859874441532
387.0,0.13122659386294097
388.0,0.1342920003247971
389.0,0.13734539048374245
390.0,0.14022359246411245
391.0,0.14275278628023744
392.0,0.14473785572643758
393.0,0.14565472343318864
394.0,0.14552052155513567
395.0,0.1443482181815586
396.0,0.14218332059823344
397.0,0.13911434493749292
398.0,0.13540660164974322
399.0,0.13153628135280965
400.0,0.12798237053697706
401.0,0.12501166681885337
402.0,0.12284659077558394
403.0,0.12193239996799621
404.0,0.12204066566748929
405.0,0.12280126194975224
406.0,0.12402061926195512
407.0,0.12553092576988364
408.0,0.12719958573498283
409.0,0.1289793667586826
410.0,0.13090792388921327
411.0,0.1330544995849319
412.0,0.13547245336916014
413.0,0.13819896439694368
414.0,0.1411909048484295
415.0,0.14403377175984405
416.0,0.14647849453570524
417.0,0.1483080658838422
418.0,0.14924932311630326
419.0,0.14909638294410724
420.0,0.1480494179380203
421.0,0.1464610649478198
422.0,0.14459383855145255
423.0,0.14274868170152039
424.0,0.14129292444987493
425.0,0.14046617901495467
426.0,0.14014947210061335
427.0,0.1401480444210596
428.0,0.14026677977061355
429.0,0.1401803456709633
430.0,0.13968624957206796
431.0,0.1387803868952104
432.0,0.13755174966590814
433.0,0.13612056039991682
434.0,0.13467789021084745
435.0,0.13346412464356344
436.0,0.13251989307869877
437.0,0.13175471632453417
438.0,0.13101660599524287
439.0,0.1300780851485932
440.0,0.12853238408506112
441.0,0.12636510703581305
442.0,0.1236672090857527
443.0,0.12057931667092495
444.0,0.11732646778099039
445.0,0.1142647494913148
446.0,0.11175120066363305
447.0,0.10981413694242795
448.0,0.10837337032609688
449.0,0.1072733432299287
450.0,0.10604345678101687
451.0,0.10403822136111994
452.0,0.10104812499572441
453.0,0.09700570982591532
454.0,0.09194744116696148
455.0,0.08605933376738757
456.0,0.0798562445662665
457.0,0.07404410161628198
458.0,0.06906578301233844
459.0,0.06522496809284915
460.0,0.06278220837637441
461.0,0.06225456180796579
462.0,0.06282807258203876
463.0,0.0641186354119852
464.0,0.06584487845241918
465.0,0.06775939673400455
466.0,0.06965541466803923
467.0,0.07148671112897034
468.0,0.07336071900321794
469.0,0.07541342476827721
470.0,0.07778533588689687
471.0,0.08064295548703355
472.0,0.08434457165003174
473.0,0.08866764482544982
474.0,0.09352288555453007
475.0,0.09882356230438187
476.0,0.10446414576132351
477.0,0.11025166123900576
478.0,0.11594911393150531
479.0,0.12134800313732583
480.0,0.12628343186800864
481.0,0.1305807473248111
482.0,0.13401134231918813
483.0,0.13640686963709278
484.0,0.13808207313348
485.0,0.1393665088386749
486.0,0.14056195251835238
487.0,0.1421579197995062
488.0,0.14477955586673683
489.0,0.1487263759930924
490.0,0.1540762482009007
491.0,0.16086551883213435
492.0,0.1691084646823309
493.0,0.17884143209346304
494.0,0.18992302130306096
495.0,0.20243371774596763
496.0,0.21677553218986115
497.0,0.2334252501190477
498.0,0.2539903197377591
499.0,0.28023077250253486
500.0,0.31363258488224166
501.0,0.3561578644769235
502.0,0.41051039841479975
503.0,0.48229293664463774
504.0,0.5820024335987727
505.0,0.7202206716696922
506.0,0.9068769836938175
507.0,1.1626072284010673
508.0,1.4971223036561385
509.0,1.9532286824391547
510.0,2.5424064550151555
511.0,3.262359734201759
512.0,4.10904967402804
513.0,5.075668860435103
514.0,6.150158398072156
515.0,7.299658695356681
516.0,8.451398486481212
517.0,9.548371657110632
518.0,10.529236884458191
519.0,11.332552075355306
520.0,11.838009231732913
521.0,12.033444523793023
522.0,11.92833792223251
523.0,11.533639788715323
524.0,10.866914388898126
525.0,9.94633168148826
526.0,8.824510937958697
527.0,7.613085515923237
528.0,6.379353374186779
529.0,5.176056564663919
530.0,4.06498256000195
531.0,3.1261892645041085
532.0,2.355474838783748
533.0,1.7404843819292648
534.0,1.2692423393838195
535.0,0.926630239026275
536.0,0.6993627492825166
537.0,0.5611392763865668
538.0,0.4714800486243861
539.0,0.411551890649264
540.0,0.3695970285229555
541.0,0.33678472882565325
542.0,0.30782341626466087
543.0,0.28135863935000127
544.0,0.2579851455891097
545.0,0.23822635799838135
546.0,0.22237786573209178
547.0,0.21046489112902386
548.0,0.20133743830862805
549.0,0.19310448621530776
550.0,0.18471448937107443
551.0,0.1756200516403592
552.0,0.16557329216064134
553.0,0.15494142201047623
554.0,0.14512529226533785
555.0,0.1367063254234929
556.0,0.1299660717902715
557.0,0.12494997916480152
558.0,0.12139880473478029
559.0,0.11845118183610893
560.0,0.11510261892942474
561.0,0.11080982445787585
562.0,0.10533223441665461
563.0,0.0986396295885398
564.0,0.09099250200544362
565.0,0.08361948889666844
566.0,0.07720462722840704
567.0,0.07210935787435171
568.0,0.06853087907286491
569.0,0.06654164556129966
570.0,0.06571650626587738
571.0,0.06534667777480677
572.0,0.0648647764387664
573.0,0.06394493439961166
574.0,0.062362649047514686
575.0,0.059993831234594806
576.0,0.057133891655183254
577.0,0.05431749630216123
578.0,0.05180133006196429
579.0,0.04978592242524685
580.0,0.04844812719673039
581.0,0.047849513057170535
582.0,0.047844813611972764
583.0,0.048236414216238144
584.0,0.0489248531943884
585.0,0.04982910973174795
586.0,0.05089398021890494
587.0,0.05209459923696476
588.0,0.05333894094135837
589.0,0.05454408094467178
590.0,0.05562572666658537
591.0,0.056486736410795754
592.0,0.056971612079239786
593.0,0.05709742633991444
594.0,0.05699909491064959
595.0,0.05681968318006104
596.0,0.056727181442307345
597.0,0.05692967399234824
598.0,0.057752195875255305
599.0,0.05917214216476077
600.0,0.06100111864641702
601.0,0.06305144494555337
602.0,0.06511694033994836
603.0,0.06689565060398284
604.0,0.06824326112943137
605.0,0.06923157230051823
606.0,0.07005760389566162
607.0,0.07096745217794004
608.0,0.07229418288991492
609.0,0.07453213007707389
610.0,0.07804196128668432
611.0,0.08273658806596713
612.0,0.08834778511876064
613.0,0.09461654757935443
614.0,0.10115311892957346
615.0,0.10735953938298666
616.0,0.11280405484787928
617.0,0.11725782018911403
618.0,0.12058336176299389
619.0,0.12269870696847417
620.0,0.1235401456054685
621.0,0.1230350444766796
622.0,0.12152949690059692
623.0,0.11915782372856955
624.0,0.11604149669596286
625.0,0.11227396932689965
626.0,0.10793650038264788
627.0,0.10331539910038341
628.0,0.09870387516845876
629.0,0.09431816255261967
630.0,0.09035290156536138
631.0,0.08700487403850989
632.0,0.0844971549023393
633.0,0.08270660679533828
634.0,0.08144245603713632
635.0,0.08049745114584671
636.0,0.07973066825218414
637.0,0.07903056989101152
638.0,0.0784000709080845
639.0,0.07794309447758678
640.0,0.07780115933528431
641.0,0.0781072776262686
642.0,0.07897941137366868
643.0,0.08050857514903635
644.0,0.08265800620386254
645.0,0.08503372446795886
646.0,0.08734585150526501
647.0,0.0893675647266782
648.0,0.09091659704250231
649.0,0.09181597567471986
650.0,0.09225498713749955
651.0,0.09254087996813898
652.0,0.09294110613637492
653.0,0.09370372496467237
654.0,0.09507162043711385
655.0,0.09727613612805573
656.0,0.10015558732803524
657.0,0.10335989511314211
658.0,0.10653654160689498
659.0,0.10938779613568785
660.0,0.11155775008409927
661.0,0.11275253941064792
662.0,0.1130199913803847
663.0,0.11255444887256444
664.0,0.11153865487006777
665.0,0.11019038999149043
666.0,0.10877246624801946
667.0,0.1076394240621707
668.0,0.10697085362447688
669.0,0.10683141692139347
670.0,0.1072115960892288
671.0,0.10808878620171505
672.0,0.10943746748682891
673.0,0.1110877460776735
674.0,0.11281922394313793
675.0,0.11442322192178159
676.0,0.11569147725870059
677.0,0.11638051110333159
678.0,0.11615880436596306
679.0,0.11464825991144222
680.0,0.11184715262697502
681.0,0.10795012282505663
682.0,0.10311718958900379
683.0,0.09758481234490717
684.0,0.09176142641843682
685.0,0.08614880168608958
686.0,0.08112759320888531
687.0,0.07691213137983147
688.0,0.07363364374457743
689.0,0.07135429385035956
690.0,0.07009484253735539
691.0,0.06952394917579761
692.0,0.06924567063611156
693.0,0.06902396389874303
694.0,0.0686889350967952
695.0,0.06810287263997879
696.0,0.06718529109345087
697.0,0.06600900211445292
698.0,0.06471653571176816
699.0,0.0634316241133887
700.0,0.062284126672058134
701.0,0.0614179415894654
702.0,0.06105709558225384
703.0,0.061275709013922555
704.0,0.061957247540896335
705.0,0.0629998105350259
706.0,0.06425789365512438
707.0,0.06549997486689121
708.0,0.06634135401723744
709.0,0.06645770990086847
710.0,0.06566320622920385
711.0,0.06384303377146244
712.0,0.06096881739651333
713.0,0.05710742009679072
714.0,0.052422727587736105
715.0,0.04771531117911758
716.0,0.04346284865496229
717.0,0.04003475209980433
718.0,0.03773232138613408
719.0,0.036866255276837484
720.0,0.03750775928965804
721.0,0.039358626857805216
722.0,0.04196943635508651
723.0,0.04500349335340809
724.0,0.04812666135054323
725.0,0.05102056780600453
726.0,0.05316904707446154
727.0,0.05464330467365776
728.0,0.05548605201690968
729.0,0.05573589593881681
730.0,0.05543721347884166
731.0,0.05458857695743048
732.0,0.05316654863524248
733.0,0.0511860001742959
734.0,0.0487035033769083
735.0,0.04577116854679175
736.0,0.04248982555243021
737.0,0.039016935551273176
738.0,0.03583529217908218
739.0,0.033357018933707794
740.0,0.03186562917986651
741.0,0.03158021224241167
742.0,0.03264674835571469
743.0,0.03519307432648475
744.0,0.03916386757201381
745.0,0.04419965027799598
746.0,0.04980460123274182
747.0,0.05562983124530241
748.0,0.06133489822875533
749.0,0.06653938506867288
750.0,0.07071915490888284
751.0,0.07388461791279792
752.0,0.07605647543394768
753.0,0.07727321533363532
754.0,0.0776034852037373
755.0,0.07712610485295049
756.0,0.07595838195127508
757.0,0.0743065567075806
758.0,0.07243058577394659
759.0,0.07049334359279723
760.0,0.0686621066185142
761.0,0.06713044440392742
762.0,0.06615343569597444
763.0,0.0658140048820692
764.0,0.06610650073064477
765.0,0.06699885993838971
766.0,0.06842600411231198
767.0,0.07028252291202611
768.0,0.0723931686723086
769.0,0.07449935293398559
770.0,0.0763393344455354
771.0,0.07774268396022843
772.0,0.07852618260199952
773.0,0.0786148177076285
774.0,0.07793536121333727
775.0,0.07661660171220418
776.0,0.07490695544658263
777.0,0.07303425627859263
778.0,0.0712083136159881
779.0,0.06963816354009804
780.0,0.06857531559897552
781.0,0.06828924430839187
782.0,0.06878215067432579
783.0,0.07004154250068186
784.0,0.0720690854136062
785.0,0.07470951926162794
786.0,0.07785808805749027
787.0,0.08133419033764323
788.0,0.08488417503470301
789.0,0.08828948820364899
790.0,0.09136697045506394
791.0,0.09394220693679751
792.0,0.09582466191507152
793.0,0.09679732809771513
794.0,0.0968381954249414
795.0,0.0961267946006349
796.0,0.09491546798592188
797.0,0.09350379034049862
798.0,0.09220513732641425
799.0,0.09151848294770618
800.0,0.09173614459300575
801.0,0.09291963145642052
802.0,0.09498911245623641
803.0,0.09776309382918232
804.0,0.1009552068514342
805.0,0.10415422032486253
806.0,0.10669578736378672
807.0,0.1081988959872984
808.0,0.10867580044490065
809.0,0.10820645079160372
810.0,0.1069941723905215
811.0,0.10538606983316079
812.0,0.10391425118653555
813.0,0.1030259370708596
814.0,0.1029433696033341
815.0,0.10374257272019655
816.0,0.10538398780047821
817.0,0.10771758951773878
818.0,0.11047824588151627
819.0,0.11314354514843257
820.0,0.11549463594022662
821.0,0.11743366272081815
822.0,0.11893492725823956
823.0,0.12003667946720191
824.0,0.12081494328394256
825.0,0.12137988798069303
826.0,0.12181574665112481
827.0,0.12209997385561817
828.0,0.12216600403497933
829.0,0.12192062161167772
830.0,0.12118274922897869
831.0,0.11978909603792157
832.0,0.11789236426411004
833.0,0.11561741638184954
834.0,0.11311487258406135
835.0,0.11055914772289574
836.0,0.10815124718219184
837.0,0.10611519767859305
838.0,0.10461155367524871
839.0,0.10362847732919225
840.0,0.10314877699913062
841.0,0.1031412221948253
842.0,0.10351884343679352
843.0,0.1041682591738078
844.0,0.10494253738512756
845.0,0.10571520945694937
846.0,0.106396629010627
847.0,0.10692153919322424
848.0,0.1072445516922613
849.0,0.10734026570901094
850.0,0.10722926362370651
851.0,0.10703926326976096
852.0,0.10692451352562792
853.0,0.10706055948977114
854.0,0.10756506575207928
855.0,0.10852357411248151
856.0,0.11001543975950738
857.0,0.1118880794408493
858.0,0.11390866241594907
859.0,0.11585280504827491
860.0,0.11752188141991061
861.0,0.11875254119524738
862.0,0.11943211666283475
863.0,0.11952057330851946
864.0,0.11936394496414296
865.0,0.1193339636935141
866.0,0.11973579600124803
867.0,0.12081869094277117
868.0,0.12276283357509697
869.0,0.12572187791019837
870.0,0.12946138706801913
871.0,0.13354639467784857
872.0,0.13759678105849948
873.0,0.1412443238583992
874.0,0.14415328043582298
875.0,0.14604650249739823
876.0,0.14638640920448803
877.0,0.14573342426858937
878.0,0.14436713493564587
879.0,0.14257105457037406
880.0,0.14062839910425004
881.0,0.1387975190498555
882.0,0.13730963900825052
883.0,0.13621901080247786
884.0,0.1353550267258638
885.0,0.13451846599401146
886.0,0.13347798503256447
887.0,0.13197291334966638
888.0,0.129715097622051
889.0,0.12646183232557992
890.0,0.12250311486960974
891.0,0.11813316621551001
892.0,0.11371015547132907
893.0,0.10965197633978059
894.0,0.10642030469656011
895.0,0.10462707969039578
896.0,0.10484081521692253
897.0,0.10692249097959342
898.0,0.11075753569421959
899.0,0.11615267724121153
900.0,0.1225385689118613
901.0,0.12932819646298338
902.0,0.13567643308540292
903.0,0.1410107792780641
904.0,0.14501625323941977
905.0,0.14756418534968782
906.0,0.14867973846100307
907.0,0.14853215208713366
908.0,0.14742873425202532
909.0,0.1458249742199739
910.0,0.1443869439894542
911.0,0.14350743389769308
912.0,0.14337513559237847
913.0,0.14410003988579756
914.0,0.14570124199198178
915.0,0.14819414895278218
916.0,0.15139530394554115
917.0,0.1551081035983771
918.0,0.1592788314680799
919.0,0.16393497038605945
920.0,0.16918448861856836
921.0,0.17523529200062224
922.0,0.1828729017200267
923.0,0.19250795410843047
924.0,0.2044731579885066
925.0,0.21913691417177186
926.0,0.23678713803490023
927.0,0.25760270592864754
928.0,0.28185273544889666
929.0,0.30940403599061184
930.0,0.3395129649662309
931.0,0.3714676456582629
932.0,0.40468011203715293
933.0,0.43856364729295594
934.0,0.4725024456448189
935.0,0.5058632122373552
936.0,0.5382487547213809
937.0,0.5695083934173265
938.0,0.599485083574279
939.0,0.6279800803010263
940.0,0.6547461570881762
941.0,0.6793713688978225
942.0,0.7012009461946243
943.0,0.7195947531586667
944.0,0.7345168598545135
945.0,0.7455751302980668
946.0,0.7529372573502446
947.0,0.7570763978098206
948.0,0.7584877185353555
949.0,0.7580465655532452
950.0,0.7569508809823864
951.0,0.7561507855658028
952.0,0.7562336504665687
953.0,0.7575765615468194
954.0,0.7603281759400898
955.0,0.7643963488285147
956.0,0.7694553908138935
957.0,0.774536264399115
958.0,0.7790896698758721
959.0,0.782757616596061
960.0,0.7853211342081241
961.0,0.7867138356128122
962.0,0.7869803952828277
963.0,0.7864383529455855
964.0,0.7855578910674552
965.0,0.7846869470530166
966.0,0.7840764950704902
967.0,0.7839049355774473
968.0,0.7842977854013223
969.0,0.785277054601902
970.0,0.7866235943676851
971.0,0.7880905351091684
972.0,0.7894695545847995
973.0,0.7905650012090663
974.0,0.7911891351206494
975.0,0.7911502903394576
976.0,0.7902017162492837
977.0,0.7880893453762069
978.0,0.7847873010283161
979.0,0.7801426430334146
980.0,0.7738070175803866
981.0,0.7657327163774774
982.0,0.7557232550261013
983.0,0.7431971515413437
984.0,0.7281143714090513
985.0,0.7105528421382
986.0,0.6905791292879836
987.0,0.6683256501370126
988.0,0.6440232128798112
989.0,0.6179867993179261
990.0,0.5905867138356128
991.0,0.5625107410578928
992.0,0.5344087131283165
993.0,0.5066429632202979
994.0,0.4794659526682588
995.0,0.45305173940446125
996.0,0.4275220925975113
997.0,0.40304256358899615
998.0,0.37969060399470683
999.0,0.35748869976761544
1000.0,0.33662108105680405
1001.0,0.3173153437778007
1002.0,0.2998216292857528
1003.0,0.28461059594021476
1004.0,0.27208859703417415
1005.0,0.261974915075374
1006.0,0.25388562323715036
1007.0,0.24742168508422868
1008.0,0.2421312995244935
1009.0,0.23751703920675746
1010.0,0.23305916928680567
1011.0,0.2282378359471271
1012.0,0.22264418745551515
1013.0,0.21625258506665032
1014.0,0.20912251542860577
1015.0,0.20146640536165056
1016.0,0.19360375765258547
1017.0,0.18583837061311995
1018.0,0.17858760256613504
1019.0,0.17211688293533298
1020.0,0.16655333468764602
1021.0,0.16195382705863212
1022.0,0.15832900815829634
1023.0,0.1556388434724855
1024.0,0.15380189577998746
1025.0,0.15271888186516816
1026.0,0.15217023650998976
1027.0,0.1517199225840762
1028.0,0.15106884122091588
1029.0,0.14991259924231856
1030.0,0.14795067010221888
1031.0,0.14490418039445002
1032.0,0.1404069898001219
1033.0,0.1342806383750151
1034.0,0.1267178033722386
1035.0,0.11797070817962231
1036.0,0.10835998583028045
1037.0,0.09829425010982722
1038.0,0.0883188746077971
1039.0,0.07903140270408456
1040.0,0.07107494455100817
1041.0,0.06463081545189481
1042.0,0.05975130417040071
1043.0,0.056387988574994385
1044.0,0.0543846567278358
1045.0,0.05349812721160203
1046.0,0.05342781399357963
1047.0,0.0538390451917091
1048.0,0.05432606237948377
1049.0,0.05465805736237988
1050.0,0.05472325472866801
1051.0,0.05447436259313006
1052.0,0.05389175036190192
1053.0,0.05296756579743787
1054.0,0.05166070362591942
1055.0,0.04997913505818835
1056.0,0.047971817605608896
1057.0,0.04569092105854112
1058.0,0.04323739425876515
1059.0,0.04076602146456724
1060.0,0.03849844992666785
1061.0,0.0368604850719744
1062.0,0.03621666107987897
1063.0,0.03666453605322153
1064.0,0.03822742875804669
1065.0,0.04081735844185434
1066.0,0.04423391458728611
1067.0,0.04817996138721673
1068.0,0.052248015302345345
1069.0,0.05596081495518129
1070.0,0.058951982080242125
1071.0,0.06107761847583907
1072.0,0.06224962441617572
1073.0,0.06260951863701815
1074.0,0.06236782438589704
1075.0,0.06174827094621544
1076.0,0.061004568872005255
1077.0,0.060332964615259714
1078.0,0.05982893424613614
1079.0,0.05951383347129279
1080.0,0.05937719264066882
1081.0,0.05939099354302181
1082.0,0.05952477901453825
1083.0,0.05976623531906707
1084.0,0.06013737251639529
1085.0,0.06062361637774498
1086.0,0.06121550852607255
1087.0,0.061886220483097006
1088.0,0.0625951823548325
1089.0,0.06329420995633979
1090.0,0.06393452423619886
1091.0,0.06449518589428806
1092.0,0.06501075667313781
1093.0,0.06555743896892983
1094.0,0.06621702692276463
1095.0,0.0670780961536231
1096.0,0.0681813950154353
1097.0,0.06950467550182193
1098.0,0.0709600163469309
1099.0,0.07236479354117772
1100.0,0.07355113576370001
1101.0,0.07439513232656149
1102.0,0.07482040237363624
1103.0,0.0748018425394374
1104.0,0.07436538900252491
1105.0,0.07357754783544446
1106.0,0.07250571741046292
1107.0,0.07125304757533908
1108.0,0.06982530853493606
1109.0,0.06817657659694136
1110.0,0.06625944090284075
1111.0,0.06405046371329341
1112.0,0.06157926937903969
1113.0,0.05900789952943086
1114.0,0.05665157391260637
1115.0,0.05489802650070687
1116.0,0.05410155976965581
1117.0,0.054558119793617015
1118.0,0.05654128566707883
1119.0,0.060055994781831254
1120.0,0.06485186783613453
1121.0,0.07047258275261971
1122.0,0.07619412753758888
1123.0,0.08141425936594968
1124.0,0.08567909511290418
1125.0,0.08866633611919222
1126.0,0.09021162077618772
1127.0,0.09031518703048307
1128.0,0.08913306835997395
1129.0,0.08702349335935677
1130.0,0.08462344505619852
1131.0,0.0823363024110831
1132.0,0.08039400386484755
1133.0,0.07892331546453571
1134.0,0.07794446267049247
1135.0,0.07738088616664769
1136.0,0.07704657120447671
1137.0,0.07668994874927838
1138.0,0.0760878248974822
1139.0,0.07510201216561439
1140.0,0.07365464253134722
1141.0,0.07171549677745959
1142.0,0.06936184805979838
1143.0,0.06676353075861241
1144.0,0.06416670062362828
1145.0,0.06180008381668713
1146.0,0.05982756605323044
1147.0,0.058347776195763444
1148.0,0.05739468112033585
1149.0,0.05693556317050749
1150.0,0.056874053976399885
1151.0,0.05705572619961517
1152.0,0.05725946796926562
1153.0,0.057277135503743366
1154.0,0.057057689259001614
1155.0,0.05661653627689134
1156.0,0.05601732727085073
1157.0,0.05535387268489122
1158.0,0.05472569368123902
1159.0,0.05420459064411845
1160.0,0.053767363780781015
1161.0,0.05327897840010065
1162.0,0.052572277020991945
1163.0,0.051479983189073264
1164.0,0.049855105396955895
1165.0,0.04765921526998463
1166.0,0.04505607955030475
1167.0,0.04243081479754167
1168.0,0.04033063868732005
1169.0,0.03924375814037601
1170.0,0.039541607787278124
1171.0,0.0414416113267337
1172.0,0.044964708058864426
1173.0,0.04991161771262535
1174.0,0.05584529188462326
1175.0,0.06203993398171797
1176.0,0.06736268027800489
1177.0,0.07119510758011591
1178.0,0.07322223408650372
1179.0,0.07336976097372507
1180.0,0.07181388769337252
1181.0,0.06895478092703396
1182.0,0.06539105481426932
1183.0,0.06187533442649964
1184.0,0.05909855718109434
1185.0,0.057399915945366295
1186.0,0.05688006212785527
1187.0,0.05746213897925075
1188.0,0.058849308125667917
1189.0,0.06056752046861202
1190.0,0.06219198185419287
1191.0,0.06333240038440272
1192.0,0.0638815811194138
1193.0,0.06390710089143715
1194.0,0.06356035321981893
1195.0,0.06303829839632921
1196.0,0.06253920541899571
1197.0,0.06222232004471016
1198.0,0.062173659966586366
1199.0,0.06239280877808774
1200.0,0.06263474097580113
1201.0,0.06273783133691185
1202.0,0.06258911471672905
1203.0,0.062133982372321594
1204.0,0.06138230908726962
1205.0,0.06040589524579735
1206.0,0.05933370790092739
1207.0,0.05833123890759911
1208.0,0.05754666950616269
1209.0,0.05704174683731799
1210.0,0.056840503506886644
1211.0,0.05693467087078636
1212.0,0.05725744542323117
1213.0,0.05776379577162957
1214.0,0.05841921966009924
1215.0,0.05919879218309754
1216.0,0.060059504494067543
1217.0,0.0609378248528672
1218.0,0.06174952016582499
1219.0,0.062383231427747966
1220.0,0.06270975363902134
1221.0,0.06259643157444204
1222.0,0.06187985541175319
1223.0,0.06043195039765336
1224.0,0.058409047443278767
1225.0,0.055979255816083935
1226.0,0.05332038110715954
1227.0,0.05060886071469044
1228.0,0.04800126349640507
1229.0,0.045616384288505486
1230.0,0.04353024702722912
1231.0,0.041781934440360026
1232.0,0.040378644412315055
1233.0,0.03930794423364691
1234.0,0.03868946155363064
1235.0,0.038635923570364834
1236.0,0.03931520160471183
1237.0,0.04089046753233622
1238.0,0.04348224130223411
1239.0,0.047178860586794144
1240.0,0.05181417917794806
1241.0,0.056966139307617056
1242.0,0.06216937692792509
1243.0,0.06694811782758332
1244.0,0.07085038245453212
1245.0,0.0734072970486592
1246.0,0.0744120860212623
1247.0,0.07387646824201194
1248.0,0.07197705956903708
1249.0,0.06924263681705983
1250.0,0.0661520080164207
1251.0,0.06309564352507169
1252.0,0.06039947068780544
1253.0,0.05830405350942968
1254.0,0.05695745425699837
1255.0,0.05642671438288998
1256.0,0.05677459230082162
1257.0,0.05796325450261875
1258.0,0.05979014895159245
1259.0,0.06218496242972025
1260.0,0.06505822701830019
1261.0,0.06829037455470527
1262.0,0.07172596642752044
1263.0,0.07517357460324638
1264.0,0.07837925058125893
1265.0,0.08107494752534057
1266.0,0.08313752807397999
1267.0,0.08454599344040732
1268.0,0.08535691542694013
1269.0,0.0857843864799936
1270.0,0.0860915755306432
1271.0,0.08651202715922406
1272.0,0.08723699093929121
1273.0,0.08834653589915109
1274.0,0.08971008884628325
1275.0,0.0910622798436334
1276.0,0.09211917911994857
1277.0,0.09261482187169383
1278.0,0.09235641187246421
1279.0,0.09127042362524125
1280.0,0.08939599934445713
1281.0,0.08714234768220686
1282.0,0.08507804202077332
1283.0,0.08368016527770301
1284.0,0.0832893379998626
1285.0,0.08409371645510735
1286.0,0.08612072398819903
1287.0,0.08924127457281894
1288.0,0.09319344849750112
1289.0,0.09761747051469932
1290.0,0.10209068798985398
1291.0,0.10617230486074324
1292.0,0.10967755559845203
1293.0,0.11260739198934949
1294.0,0.1150199324886031
1295.0,0.11702284792922517
1296.0,0.11874623561055161
1297.0,0.1203197764253819
1298.0,0.12186619132869081
1299.0,0.12350314491036701
1300.0,0.12534562486113587
1301.0,0.1275157572694915
1302.0,0.13016892126020085
1303.0,0.1335726877762969
1304.0,0.1378738698652241
1305.0,0.14322647845884373
1306.0,0.14973866028335275
1307.0,0.15753819265881225
1308.0,0.16652591134288433
1309.0,0.17648927054200367
1310.0,0.1872472523860838
1311.0,0.19866702318997745
1312.0,0.21066571805291873
1313.0,0.2232272755799279
1314.0,0.2364411042030589
1315.0,0.2504819162077024
1316.0,0.2656511899262931
1317.0,0.28211304902086465
1318.0,0.30001067785332913
1319.0,0.31951521951019285
1320.0,0.340834163419935
1321.0,0.36422758520793114
1322.0,0.39003182238238676
1323.0,0.41867708238216655
1324.0,0.4507657270056592
1325.0,0.4874370445367612
1326.0,0.5297949881904132
1327.0,0.5779174854755913
1328.0,0.6321332001228994
1329.0,0.6926474800414861
1330.0,0.7594388505513967
1331.0,0.8322474144871999
1332.0,0.9105744952780985
1333.0,0.9937908431607755
1334.0,1.0809641238999803
1335.0,1.1705271617522268
1336.0,1.260910817914642
1337.0,1.3505774815078317
1338.0,1.4376397006750845
1339.0,1.5205237561416245
1340.0,1.59758085648281
1341.0,1.6671690512385269
1342.0,1.7271645480992674
1343.0,1.775432252292392
1344.0,1.8108040245096884
1345.0,1.8327985582815973
1346.0,1.8407158147335934
1347.0,1.8341849541015893
1348.0,1.8132021692401084
1349.0,1.777106266055818
1350.0,1.727744007538148
1351.0,1.6665834051882469
1352.0,1.5951043083502299
1353.0,1.516423876869777
1354.0,1.4332044951680483
1355.0,1.3476012455314375
1356.0,1.2615720714946228
1357.0,1.1767827181769484
1358.0,1.0945384416104345
1359.0,1.015748733157471
1360.0,0.9410311237117052
1361.0,0.8713472149392388
1362.0,0.8056568827985137
1363.0,0.7437380636322726
1364.0,0.6855285938932792
1365.0,0.6310903991821777
1366.0,0.5805887334073149
1367.0,0.5342568437157859
1368.0,0.49233999355759606
1369.0,0.45511604506589487
1370.0,0.42290087234195073
1371.0,0.3954039425965743
1372.0,0.37204740253038354
1373.0,0.3519289586654052
1374.0,0.33420925439732735
1375.0,0.3181877154717931
1376.0,0.30324282538973424
1377.0,0.28888500903750897
1378.0,0.274795001574909
1379.0,0.2608735197863002
1380.0,0.2472442364130265
1381.0,0.23417936235667067
1382.0,0.22202046995046845
1383.0,0.21113209337381203
1384.0,0.20192016951315236
1385.0,0.19439076600659289
1386.0,0.18850783394540138
1387.0,0.18407940991624577
1388.0,0.18079265363690958
1389.0,0.17814466498458256
1390.0,0.1756118424829251
1391.0,0.17281436388399032
1392.0,0.16953462702912678
1393.0,0.16570160486053503
1394.0,0.16138233883059364
1395.0,0.15674916175877035
1396.0,0.15207499838642466
1397.0,0.14756811146846063
1398.0,0.14333997898336726
1399.0,0.13928162139187455
1400.0,0.13519637583545283
1401.0,0.13087544417936534
1402.0,0.12615476224822647
1403.0,0.12096818088937891
1404.0,0.11538345539497795
1405.0,0.10961438077819839
1406.0,0.10401145236948703
1407.0,0.09918530061131456
1408.0,0.09562169347184601
1409.0,0.0934334176358281
1410.0,0.09259953380313905
1411.0,0.09294949375375323
1412.0,0.09419996258289838
1413.0,0.09600996282381928
1414.0,0.09803816008987241
1415.0,0.09999330775209178
1416.0,0.10166553691607534
1417.0,0.10292403644271032
1418.0,0.10376386894020671
1419.0,0.10424749538904121
1420.0,0.10439912685497958
1421.0,0.10420008453052693
1422.0,0.10362175533796002
1423.0,0.10264908915531637
1424.0,0.10130671345489828
1425.0,0.09967993209004256
1426.0,0.09794202966658626
1427.0,0.09635867355482396
1428.0,0.09521403147260088
1429.0,0.09471327286912136
1430.0,0.09506008002738768
1431.0,0.09617836952451432
1432.0,0.0979742714298419
1433.0,0.10029377481150914
1434.0,0.10295223311389702
1435.0,0.10576291774870403
1436.0,0.10853642322846532
1437.0,0.11109922700075162
1438.0,0.11330267193202817
1439.0,0.11498233692702091
1440.0,0.11594328423999412
1441.0,0.11591431424238252
1442.0,0.11466658179904876
1443.0,0.11215065350544406
1444.0,0.10839817625834339
1445.0,0.10361271336745291
1446.0,0.0982356557614752
1447.0,0.09294937478045709
1448.0,0.08847258810641806
1449.0,0.08538784848393817
1450.0,0.08411703522115202
1451.0,0.08485556195697985
1452.0,0.08753900465155846
1453.0,0.09193697151690063
1454.0,0.09727232898257902
1455.0,0.10285711396362808
1456.0,0.1079047939992249
1457.0,0.11190812644124996
1458.0,0.11461863556070183
1459.0,0.11598093928822444
1460.0,0.1160830183763179
1461.0,0.11510791324110327
1462.0,0.11328197057849874
1463.0,0.1108301094048688
1464.0,0.1079335260502442
1465.0,0.10474974115872257
1466.0,0.10141426531461446
1467.0,0.09808146636966966
1468.0,0.09491647925893915
1469.0,0.09210192799200738
1470.0,0.08982144785147611
1471.0,0.0882323215348507
1472.0,0.08743740145664958
1473.0,0.08746298071532102
1474.0,0.08824760960340548
1475.0,0.08964536737317969
1476.0,0.0914655993175692
1477.0,0.09338148579206026
1478.0,0.09524496452959892
1479.0,0.0970099333779285
1480.0,0.09870143621588774
1481.0,0.10038580065607827
1482.0,0.10213464862277999
1483.0,0.10398581362416753
1484.0,0.10590961182285234
1485.0,0.10778058587804823
1486.0,0.10935192568689978
1487.0,0.110197349929315
1488.0,0.10997683292490794
1489.0,0.10857687414915504
1490.0,0.10598753933182814
1491.0,0.10236426708434225
1492.0,0.09801769668293528
1493.0,0.09338148579206026
1494.0,0.08896210373341179
1495.0,0.08527595409891262
1496.0,0.08282569906478068
1497.0,0.08206236639670636
1498.0,0.08293218016483156
1499.0,0.08533163360150905
1500.0,0.08876877212717414
1501.0,0.09274604941734317
1502.0,0.09677924415670092
1503.0,0.10042547825034304
1504.0,0.10333568404737635
1505.0,0.10529350860875901
1506.0,0.10622334440478999
1507.0,0.1062147188408194
1508.0,0.10555524986028074
1509.0,0.10463778728704896
1510.0,0.1037884369258609
1511.0,0.10329505466674241
1512.0,0.10325341401309124
1513.0,0.10363930389914158
1514.0,0.10431644041415794
1515.0,0.10506745934608112
1516.0,0.10564001833378496
1517.0,0.10577552891809552
1518.0,0.10532009914044768
1519.0,0.10433327513556266
1520.0,0.10302807859019024
1521.0,0.10172395280448318
1522.0,0.10086770199211863
1523.0,0.10085984975457299
1524.0,0.10193798576425024
1525.0,0.10419015026029868
1526.0,0.10751242006853459
1527.0,0.11160742143524031
1528.0,0.11595999998810269
1529.0,0.11994144134363684
1530.0,0.12298834745794221
1531.0,0.12471447152508001
1532.0,0.12492356709305705
1533.0,0.12361527724198486
1534.0,0.120998340619952
1535.0,0.11765489356500211
1536.0,0.1141093703665478
1537.0,0.11088067305573095
1538.0,0.10843422516707568
1539.0,0.10712421020320938
1540.0,0.10703236281858448
1541.0,0.10800925255324131
1542.0,0.10985012636451216
1543.0,0.11230252291797477
1544.0,0.11511951313747754
1545.0,0.11810699209035785
1546.0,0.12114348804125043
1547.0,0.12421722263383676
1548.0,0.12737887849227522
1549.0,0.13070549082582042
1550.0,0.13424744482539036
1551.0,0.13797160642800824
1552.0,0.14177173248021546
1553.0,0.14551124163803622
1554.0,0.14905498023704833
1555.0,0.15231342087190178
1556.0,0.15528216153063906
1557.0,0.15809332205863064
1558.0,0.1610446331294825
1559.0,0.16448016551564962
1560.0,0.1687897352219551
1561.0,0.17433412876896248
1562.0,0.18119978025632202
1563.0,0.18926307642933773
1564.0,0.1982920193605245
1565.0,0.20797156776168696
1566.0,0.21798638291138958
1567.0,0.22811172425321205
1568.0,0.2383136843977527
1569.0,0.2488544804897179
1570.0,0.26022874400783563
1571.0,0.2731217611379082
1572.0,0.28850423500319294
1573.0,0.3069218366264646
1574.0,0.3286283360484031
1575.0,0.3536678128752306
1576.0,0.3818242710877937
1577.0,0.41268070928309963
1578.0,0.44571055165240525
1579.0,0.4803840695946193
1580.0,0.5163615348625963
1581.0,0.5532876337073953
1582.0,0.591170932206339
1583.0,0.6302617501745189
1584.0,0.6707026176207186
1585.0,0.7124608168884974
1586.0,0.755267468328565
1587.0,0.7985480498938312
1588.0,0.8413863482306738
1589.0,0.8825392708543087
1590.0,0.9204849708470809
1591.0,0.9531451631852601
1592.0,0.9783526897928944
1593.0,0.9946307946315679
1594.0,1.0
1595.0,0.9928327512069097
1596.0,0.9730081713834127
1597.0,0.9410037003669435
1598.0,0.897680704821601
1599.0,0.8445794130392948
1600.0,0.7838593093183752
1601.0,0.7181801606674879
1602.0,0.6505240922411862
1603.0,0.5844128920653437
1604.0,0.5228411774906093
1605.0,0.46798110347137306
1606.0,0.42189197879063056
1607.0,0.38475226339260093
1608.0,0.3557555562760049
1609.0,0.3336836303749533
1610.0,0.3170869150491999
1611.0,0.30445611506383363
1612.0,0.29445664746933387
1613.0,0.28611067074467467
1614.0,0.27895359416840493
1615.0,0.2730453207951342
1616.0,0.26875454886961986
1617.0,0.26665550300571167
1618.0,0.26737725450678285
1619.0,0.2708204606705513
1620.0,0.27641601273490163
1621.0,0.2832802960293555
1622.0,0.2902511793971564
1623.0,0.2960598721215526
1624.0,0.2995230657990738
1625.0,0.29972377374967246
1626.0,0.2958197245232814
1627.0,0.28818467272974413
1628.0,0.2774349595297462
1629.0,0.2643895970939583
1630.0,0.2500214895516164
1631.0,0.2352232340570578
1632.0,0.2205591209539041
1633.0,0.20624282628203391
1634.0,0.19226352347149803
1635.0,0.17848332247206286
1636.0,0.16475600510276467
1637.0,0.15104718808101728
1638.0,0.13757209409954912
1639.0,0.12475004454062774
1640.0,0.11312766221339704
1641.0,0.10330397766395338
1642.0,0.09583566694496504
1643.0,0.09081874150642202
1644.0,0.08798212069305515
1645.0,0.0868802495107967
1646.0,0.08690184316404721
1647.0,0.0873795209480744
1648.0,0.08770300934029605
1649.0,0.08734626791180153
1650.0,0.0861321454246291
1651.0,0.08413975912071599
1652.0,0.08160164230738001
1653.0,0.07884532846891186
1654.0,0.07625188907286787
1655.0,0.07411625892039468
1656.0,0.07258959358424606
1657.0,0.07170580045382363
1658.0,0.07140253752194688
1659.0,0.07154453215089739
1660.0,0.07195017160410802
1661.0,0.07238478105493029
1662.0,0.07262320354040736
1663.0,0.07248156583134525
1664.0,0.0718128169337072
1665.0,0.07052302743018575
1666.0,0.06856948590746437
1667.0,0.06602536094267301
1668.0,0.06308826718071064
1669.0,0.060010428009407236
1670.0,0.057060723078053335
1671.0,0.05450029877168997
1672.0,0.05259726141318268
1673.0,0.05144910961872332
1674.0,0.051025029304609996
1675.0,0.051214851198611355
1676.0,0.05183190619907385
1677.0,0.05264437483845659
1678.0,0.05340907569943657
1679.0,0.05389359444799218
1680.0,0.0539340453686819
1681.0,0.05349830567154626
1682.0,0.0526265883306827
1683.0,0.05143245335726284
1684.0,0.050112623096464436
1685.0,0.048910873832091216
1686.0,0.048037966758266194
1687.0,0.04767117208624732
1688.0,0.04792791645933092
1689.0,0.04884555749250693
1690.0,0.050370676175805665
1691.0,0.052359493280834384
1692.0,0.0545805462599406
1693.0,0.056732118834097414
1694.0,0.058542119075018315
1695.0,0.05976254714688651
1696.0,0.06029138344825659
1697.0,0.06015730054349977
1698.0,0.05945095608427949
1699.0,0.05832659894904941
1700.0,0.05697886945030473
1701.0,0.05561930210859346
1702.0,0.054454256106081345
1703.0,0.05366641493900092
1704.0,0.05340437625423882
1705.0,0.05377640575128813
1706.0,0.05477952909774521
1707.0,0.056267528112646285
1708.0,0.05792321998846555
1709.0,0.059413657955937636
1710.0,0.06038269545304882
1711.0,0.06051529119160384
1712.0,0.05960502650278888
1713.0,0.05761174789915468
1714.0,0.05469624779044282
1715.0,0.05121925321056877
1716.0,0.04770026105715507
1717.0,0.044736576763503996
1718.0,0.04302104131972319
1719.0,0.04292455397654858
1720.0,0.044156343998198753
1721.0,0.046274663536082665
1722.0,0.04868024409751172
1723.0,0.050755673762134905
1724.0,0.052010009223404804
1725.0,0.05219513167220833
1726.0,0.051369635456897635
1727.0,0.049897102970495516
1728.0,0.048375850919321534
1729.0,0.047510974542986396
1730.0,0.048112325068357595
1731.0,0.05038685654408155
1732.0,0.05427692640817537
1733.0,0.05909617771517137
1734.0,0.06403588948451547
1735.0,0.06829638270616066
1736.0,0.07120962232224574
1737.0,0.07235753617011277
1738.0,0.07163614158893003
1739.0,0.06925744899243005
1740.0,0.06569259263335196
1741.0,0.061580042705464674
1742.0,0.057667605861695316
1743.0,0.054475314379499234
1744.0,0.05228668162359289
1745.0,0.051186951960665035
1746.0,0.05102663544410797
1747.0,0.051494616904499246
1748.0,0.05225610548648332
1749.0,0.05304198359417734
1750.0,0.05366213190033965
1751.0,0.05402339431408772
1752.0,0.05412630621525422
1753.0,0.05404195414828656
1754.0,0.05392113676605003
1755.0,0.05388776475648098
1756.0,0.05404046698208472
1757.0,0.054441288016801426
1758.0,0.055111702540585505
1759.0,0.056040289117006974
1760.0,0.05718064816056873
1761.0,0.05845616086855267
1762.0,0.0597836054203044
1763.0,0.0610805928082427
1764.0,0.06224819673662198
1765.0,0.06316994234851502
1766.0,0.06375630223857182
1767.0,0.06392351920630535
1768.0,0.06362037524772474
1769.0,0.06284847650232786
1770.0,0.06167890951456218
1771.0,0.060259141685000954
1772.0,0.058803800839891986
1773.0,0.05757379541768402
1774.0,0.056838837880740574
1775.0,0.05677542511389461
1776.0,0.057378857671948405
1777.0,0.05833320196698551
1778.0,0.059227107827580325
1779.0,0.0595974716984836
1780.0,0.05901825020619562
1781.0,0.05719766134191768
1782.0,0.054054446344381904
1783.0,0.04975826113389286
1784.0,0.04472348970092792
1785.0,0.03955451638990999
1786.0,0.03494888163614457
1787.0,0.031634404578806286
1788.0,0.030224214099584826
1789.0,0.030859174581117334
1790.0,0.03318331792133428
1791.0,0.03674002460962632
1792.0,0.041003254217082855
1793.0,0.04545761442479833
1794.0,0.049675872126311575
1795.0,0.05336338995371641
1796.0,0.05636609748850346
1797.0,0.05864669660233088
1798.0,0.060238856738008
1799.0,0.06114567120123473
1800.0,0.06143198043841067
1801.0,0.06109599985009367
1802.0,0.060112090690964175
1803.0,0.058468415118055735
1804.0,0.056234334563021515
1805.0,0.053587357183711715
1806.0,0.05077316283666842
1807.0,0.04805164868732303
1808.0,0.045669148945346356
1809.0,0.043816496777756994
1810.0,0.04261540186651255
1811.0,0.0420929901231344
1812.0,0.042099295707830144
1813.0,0.04249309731807421
1814.0,0.043124012707537775
1815.0,0.043855698478837184
1816.0,0.04457727151996418
1817.0,0.04520104851165894
1818.0,0.04564815015857654
1819.0,0.04582994135508801
1820.0,0.04564583017930169
1821.0,0.0450145578699497
1822.0,0.043832141766200226
1823.0,0.04213992508846409
1824.0,0.04008466139753768
1825.0,0.03790786648459788
1826.0,0.03594159481918886
1827.0,0.03456667992227476
1828.0,0.03415408053123956
1829.0,0.03499813658074911
1830.0,0.03725351335579353
1831.0,0.04088749319993255
1832.0,0.045659095701822
1833.0,0.051132700137622375
1834.0,0.05664259142874735
1835.0,0.06141086267834469
1836.0,0.064971019592225
1837.0,0.0670729803018888
1838.0,0.06770627515727526
1839.0,0.06708452071161497
1840.0,0.06559229814470068
1841.0,0.06370490577463664
1842.0,0.06189609526667715
1843.0,0.060550209854022735
1844.0,0.05989454801896078
1845.0,0.059999779899402146
1846.0,0.06064372286479369
1847.0,0.06149759421123532
1848.0,0.06224587675734715
1849.0,0.06263825068803745
1850.0,0.06254307205112046
1851.0,0.06198978673739235
1852.0,0.061173689412477146
1853.0,0.060388227711319645
1854.0,0.05991988933103994
1855.0,0.059999660926106
1856.0,0.06075823466233445
1857.0,0.06221631189325481
1858.0,0.06412874814215763
1859.0,0.06623659802998069
1860.0,0.06825569383887863
1861.0,0.06992631686336424
1862.0,0.0710529939778692
1863.0,0.07152829229597342
1864.0,0.07133912475510092
1865.0,0.07055473381360869
1866.0,0.06930164757194839
1867.0,0.06772953443667187
1868.0,0.06597253679918409
1869.0,0.06414843822266983
1870.0,0.06228840971071941
1871.0,0.06038769233148698
1872.0,0.05843379388887718
1873.0,0.05642659540959384
1874.0,0.054391676152308416
1875.0,0.052382395640342534
1876.0,0.050470732717864654
1877.0,0.04872819033585864
1878.0,0.04720057321334084
1879.0,0.045884847531259494
1880.0,0.04470998623181532
1881.0,0.04351394768565709
1882.0,0.042145933239919484
1883.0,0.040496665922092126
1884.0,0.038549251524122294
1885.0,0.036445268268423994
1886.0,0.03448090017575331
1887.0,0.03305048423618699
1888.0,0.032569832119756156
1889.0,0.03339443603534579
1890.0,0.03573095259836192
1891.0,0.03962667369402271
1892.0,0.04473039015210439
1893.0,0.050418146520968016
1894.0,0.05604588086192585
1895.0,0.06098148805255291
1896.0,0.06471130088673772
1897.0,0.06692176524248694
1898.0,0.06754125919552041
1899.0,0.0667356315206661
1900.0,0.06485888726060715
1901.0,0.06237252383109479
1902.0,0.05975172057693723
1903.0,0.057463626145452584
1904.0,0.0556763498040956
1905.0,0.054411247259524474
1906.0,0.05361591077478683
1907.0,0.05321253181420297
1908.0,0.053134009438746466
1909.0,0.053337751208396914
1910.0,0.0537963932650407
1911.0,0.054471685693966765
1912.0,0.05528272665379575
1913.0,0.05608192977065815
1914.0,0.056628909499690544
1915.0,0.05661790446979699
1916.0,0.055858616893791645
1917.0,0.054275855648510056
1918.0,0.05197871924651835
1919.0,0.04927749004416586
1920.0,0.046678101983314596
1921.0,0.04478916296040063
1922.0,0.0441518230129452
1923.0,0.045084514168083685
1924.0,0.04762679504678478
1925.0,0.051489976945949555
1926.0,0.056059384331038464
1927.0,0.06038245750645654
1928.0,0.06367022505880998
1929.0,0.0653416808963686
1930.0,0.06513026534911674
1931.0,0.06313383395313463
1932.0,0.05978973254505593
1933.0,0.05578104630470431
1934.0,0.051890857467314304
1935.0,0.04883312478305963
1936.0,0.04709379468004959
1937.0,0.046856323980941667
1938.0,0.047824290718387535
1939.0,0.04925054259258874
1940.0,0.050339981065399934
1941.0,0.050464427133168906
1942.0,0.049272433679079644
1943.0,0.046733840972559115
1944.0,0.04312228759474364
1945.0,0.03894132802157225
1946.0,0.03480885006658043
1947.0,0.03132781039463741
1948.0,0.028971603751109062
1949.0,0.028124870802436218
1950.0,0.02870165334215322
1951.0,0.030481315392556853
1952.0,0.033192240918545245
1953.0,0.03655210628836331
1954.0,0.04031410139915571
1955.0,0.04428311004524258
1956.0,0.048302860802135826
1957.0,0.05222570780931794
1958.0,0.055875213668604075
1959.0,0.059013907680886254
1960.0,0.06131443482181815
1961.0,0.06247210447996923
1962.0,0.062435163271515805
1963.0,0.061251497948156805
1964.0,0.05913859169524753
1965.0,0.056452769534746
1966.0,0.05362667785808806
1967.0,0.051088025664919434
1968.0,0.04917850426177219
1969.0,0.04809037449521862
1970.0,0.04783434396191189
1971.0,0.04824896589898157
1972.0,0.049050905401655354
1973.0,0.04986807348623583
1974.0,0.05047114912440117
1975.0,0.050789105258352
1976.0,0.05091277799969601
1977.0,0.051064885358819
1978.0,0.051535246285133195
1979.0,0.05260404289106301
1980.0,0.054437480871324724
1981.0,0.05697940483013739
1982.0,0.059936069699315815
1983.0,0.0628293812882964
1984.0,0.06496554682060225
1985.0,0.06582822219095871
1986.0,0.06507619198601826
1987.0,0.06262682925160742
1988.0,0.05868470857044958
1989.0,0.0537171570498073
1990.0,0.048378349358540615
1991.0,0.043395212336103134
1992.0,0.039432925681248544
1993.0,0.0369649436259908
1994.0,0.0361710348208069
1995.0,0.03694430175910943
1996.0,0.03862265804784452
1997.0,0.04040660313690943
1998.0,0.04155897848338196
1999.0,0.041514185037382904
2000.0,0.040005484668952346
2001.0,0.037124486816122904
2002.0,0.033373794168464414
2003.0,0.029562425139771316
2004.0,0.02654329929011609
2005.0,0.02506886323097566
2006.0,0.02565706720712271
2007.0,0.0285551972145972
2008.0,0.033151968457799726
2009.0,0.038736931898792994
2010.0,0.04445645413772765
2011.0,0.049474271875991765
2012.0,0.05311479525141883
2013.0,0.054965305899677575
2014.0,0.054923724732674456
2015.0,0.05318713101547576
2016.0,0.0501910859852729
2017.0,0.04651302653491167
2018.0,0.042797014603079817
2019.0,0.039648505293865544
2020.0,0.037420849296823204
2021.0,0.036306723865061695
2022.0,0.0363551459965932
2023.0,0.037500026025408535
2024.0,0.03958390279405812
2025.0,0.0423455109442048
2026.0,0.04544268327613197
2027.0,0.04851344353631468
2028.0,0.05117083107903726
2029.0,0.05303728414897955
2030.0,0.053678074322023234
2031.0,0.0530582234491013
2032.0,0.051254647766172265
2033.0,0.04853878484839382
2034.0,0.045339414455077026
2035.0,0.042172880691496606
2036.0,0.039551423084210204
2037.0,0.03788811691743759
2038.0,0.037417339584586894
2039.0,0.03814848997605366
2040.0,0.039864084906482536
2041.0,0.04216758637981809
2042.0,0.04449387123936564
2043.0,0.04638988917340032
2044.0,0.04758188262748956
2045.0,0.047979729329802615
2046.0,0.047665461368032305
2047.0,0.0468434153783098
2048.0,0.04577396441925118
2049.0,0.04469826736214492
2050.0,0.043772714604775186
2051.0,0.04304804825794838
2052.0,0.04249981930930648
2053.0,0.04207948665402179
2054.0,0.04174451733872203
2055.0,0.0415188249959326
2056.0,0.04146159884048627
2057.0,0.04163280141364071
2058.0,0.04205515661495989
2059.0,0.04268904633682708
2060.0,0.04343042843176242
2061.0,0.044137308270815356
2062.0,0.04468054034101912
2063.0,0.045005337439498375
2064.0,0.04519045988830192
2065.0,0.045518112345888685
2066.0,0.046345214700697406
2067.0,0.0479952553449497
2068.0,0.050653773133985655
2069.0,0.05427942484739444
2070.0,0.05856543784106298
2071.0,0.06296941285786052
2072.0,0.06680969239751715
2073.0,0.0694009307875824
2074.0,0.07020899741500772
2075.0,0.06910343806056872
2076.0,0.06632315110292708
2077.0,0.06274580254775365
2078.0,0.059195936823990006
2079.0,0.0563628852095075
2080.0,0.05465472611008779
2081.0,0.05410899560066494
2082.0,0.05440053966287134
2083.0,0.05494026202083879
2084.0,0.05504091342937851
2085.0,0.054110423280218686
2086.0,0.051825838560970415
2087.0,0.04821725951555859
2088.0,0.043828156160779334
2089.0,0.03952316692637546
2090.0,0.03608061511573575
2091.0,0.034090370331153245
2092.0,0.03381809994292258
2093.0,0.035152563919146944
2094.0,0.03764172322111872
2095.0,0.040606835194323544
2096.0,0.04330639877052996
2097.0,0.04511169956625311
2098.0,0.04565528855634532
2099.0,0.044844069136572136
2100.0,0.043176658391082486
2101.0,0.04127368051922327
2102.0,0.03976622937040225
2103.0,0.03910717679640011
2104.0,0.0394980635608886
2105.0,0.04087738046976012
2106.0,0.04296351773103648
2107.0,0.04534232930083261
2108.0,0.047579324701622405
2109.0,0.049329243427989486
2110.0,0.05040012206660184
2111.0,0.050823548027586346
2112.0,0.05089112485979742
2113.0,0.05089600276493939
2114.0,0.05109183281039614
2115.0,0.051624535743890934
2116.0,0.05250196380296951
2117.0,0.05360532215142984
2118.0,0.05473919715035164
2119.0,0.05570234546930357
2120.0,0.05636086266347305
2121.0,0.05670070988391477
2122.0,0.05684573833191705
2123.0,0.05705168110754622
2124.0,0.05752335074011802
2125.0,0.058349263361965234
2126.0,0.05945898678176938
2127.0,0.06062308099791232
2128.0,0.06150259108967344
2129.0,0.061733875177381735
2130.0,0.0610281850712903
2131.0,0.05925548295871121
2132.0,0.056491554829289685
2133.0,0.05303597544272195
2134.0,0.049391109541985535
2135.0,0.046031244172167446
2136.0,0.04325524025318709
2137.0,0.04120884007282356
2138.0,0.03989721896945926
2139.0,0.03922960031813459
2140.0,0.03907547041297713
2141.0,0.039312286758956254
2142.0,0.03984903478452004
2143.0,0.0406191489304747
2144.0,0.04154833037337688
2145.0,0.042498451116400805
2146.0,0.043223295923171805
2147.0,0.043450594405459224
2148.0,0.04292645754928693
2149.0,0.04148795142558266
2150.0,0.039120799238808866
2151.0,0.03598388982596884
2152.0,0.03239071782240798
2153.0,0.02875203853307117
2154.0,0.025493181491681248
2155.0,0.02296743790114451
2156.0,0.021401094970731095
2157.0,0.0209103896107759
2158.0,0.021285809846765372
2159.0,0.022365135589404134
2160.0,0.024008097322535726
2161.0,0.026133317311596134
2162.0,0.02872027266300012
2163.0,0.031782585819156425
2164.0,0.03532394495224561
2165.0,0.03929408384464587
2166.0,0.04355743242539855
2167.0,0.04788110046729737
2168.0,0.05192601407632552
2169.0,0.055335848230525043
2170.0,0.057849456544854884
2171.0,0.05925405527915747
2172.0,0.059410326703645544
2173.0,0.0582612826094651
2174.0,0.05584309087864458
2175.0,0.05229536667421158
2176.0,0.04786527701890993
2177.0,0.042898855744580994
2178.0,0.037811022221534825
2179.0,0.03303483924774376
2180.0,0.029035968304324176
2181.0,0.0259598542458149
2182.0,0.023806735018808197
2183.0,0.022433664207984358
2184.0,0.02162851242631464
2185.0,0.02120062496672467
2186.0,0.021056845738331924
2187.0,0.021237268741937702
2188.0,0.02189423928325728
2189.0,0.023215378250313286
2190.0,0.025309546209079513
2191.0,0.028106548914829693
2192.0,0.0311622590530499
2193.0,0.033849865812993624
2194.0,0.03558764926315376
2195.0,0.03600084352066969
2196.0,0.03507564768318839
2197.0,0.033219128883474294
2198.0,0.031199140774855236
2199.0,0.029969730219128
2200.0,0.030420222604985763
2201.0,0.03310985191096397
2202.0,0.03806360252925332
2203.0,0.04472503635377782
2204.0,0.05167313633536667
2205.0,0.05762804724072673
2206.0,0.061495095772016256
2207.0,0.06272343556807815
2208.0,0.06132341730567721
2209.0,0.05777069622280605
2210.0,0.05283657619838082
2211.0,0.04737498806549123
2212.0,0.04212874159862635
2213.0,0.037608410698197765
2214.0,0.034120054168541754
2215.0,0.03176539417786331
2216.0,0.030511891529666442
2217.0,0.03042730151610647
2218.0,0.031597046963816364
2219.0,0.03404748045789254
2220.0,0.03765576207006397
2221.0,0.04208918297765772
2222.0,0.04680903209572355
2223.0,0.05115018921215589
2224.0,0.054465142162678754
2225.0,0.05629465402416766
2226.0,0.056400599744385875
2227.0,0.05528706917910507
2228.0,0.05360704726422395
2229.0,0.052047723758283135
2230.0,0.05116137270199363
2231.0,0.05123483871236393
2232.0,0.05225003784837984
2233.0,0.05393844738063931
2234.0,0.05590519493923289
2235.0,0.057781403819459225
2236.0,0.059350899542220524
2237.0,0.06060273656427132
2238.0,0.06172501166681886
2239.0,0.06290897442341824
2240.0,0.06417015084921653
2241.0,0.06531639907093753
2242.0,0.06598776538109083
2243.0,0.06577420831450828
2244.0,0.06437133469299981
2245.0,0.06172328655402474
2246.0,0.058103167098886764
2247.0,0.05409608699803308
2248.0,0.05047662189602388
2249.0,0.04814183044580187
2250.0,0.04747373590129261
2251.0,0.04834027790377382
2252.0,0.050194298264268855
2253.0,0.05219447731907953
2254.0,0.053422222248660764
2255.0,0.053098614883142964
2256.0,0.05080671330618165
2257.0,0.046616830735799274
2258.0,0.04104084977866506
2259.0,0.034911107614618145
2260.0,0.02923941264073427
2261.0,0.025072194483267755
2262.0,0.022876185383000326
2263.0,0.02276720584373037
2264.0,0.02449761294952946
2265.0,0.02753565555327194
2266.0,0.031181651700321743
2267.0,0.03469618235512995
2268.0,0.03742233646302504
2269.0,0.03888576749227194
2270.0,0.03886179437309849
2271.0,0.0374031817623455
2272.0,0.034790468692325834
2273.0,0.03169775785900415
2274.0,0.028781008530682783
2275.0,0.026606593083665885
2276.0,0.025582589923735147
2277.0,0.025889838461032842
2278.0,0.02745392089881946
2279.0,0.029962175414822705
2280.0,0.032921636156460606
2281.0,0.03574844167289543
2282.0,0.037872233982402075
2283.0,0.03881045739581138
2284.0,0.03823141436346759
2285.0,0.036337300002171266
2286.0,0.033484796253768864
2287.0,0.0302366468090321
2288.0,0.027286228037901334
2289.0,0.025359871913349374
2290.0,0.02510425778657916
2291.0,0.02697136520965029
2292.0,0.031116394847385525
2293.0,0.03732686039286768
2294.0,0.04500194670055821
2295.0,0.053140790916626796
2296.0,0.060398518901436264
2297.0,0.06567581739859535
2298.0,0.06819400618482682
2299.0,0.06763274966025687
2300.0,0.06419364807520543
2301.0,0.05855758560351733
2302.0,0.051743865959925625
2303.0,0.04490028401900122
2304.0,0.039067082795598826
2305.0,0.034969047609841354
2306.0,0.03290260042907721
2307.0,0.0327281855769268
2308.0,0.03361067000109159
2309.0,0.03481426335155509
2310.0,0.03569942467488318
2311.0,0.03584617823567957
2312.0,0.035099977722250306
2313.0,0.03354814953396673
2314.0,0.0314477949638009
2315.0,0.029136798172808127
2316.0,0.026957266874056966
2317.0,0.025212047592887657
2318.0,0.02421808519023385
2319.0,0.02422879278688701
2320.0,0.025410792484099963
2321.0,0.027894538501097098
2322.0,0.031674201146367195
2323.0,0.036541874584894746
2324.0,0.04205581096808869
2325.0,0.04756546431262139
2326.0,0.052302267125388054
2327.0,0.05552400449838033
2328.0,0.056684172595750475
2329.0,0.055575519935611654
2330.0,0.05233361658892256
2331.0,0.047943085554589565
2332.0,0.04335850907424203
2333.0,0.03948509547160867
2334.0,0.037011462184783975
2335.0,0.036304403885786825
2336.0,0.03738688242077345
2337.0,0.03999227863308012
2338.0,0.043670516543385565
2339.0,0.04790917816518788
2340.0,0.05223373850680783
2341.0,0.05622523310586631
2342.0,0.05954179219588716
2343.0,0.06195165579597746
2344.0,0.06321574706753132
2345.0,0.063126814528662
2346.0,0.0615699894619403
2347.0,0.05859512167845147
2348.0,0.05447150723402257
2349.0,0.049697108859673676
2350.0,0.04494472054511185
2351.0,0.04094543319515577
2352.0,0.038327782733346055
2353.0,0.03761424038970894
2354.0,0.038498330953371684
2355.0,0.04043521621463259
2356.0,0.04266661987050352
2357.0,0.04440773457295577
2358.0,0.04504299248772865
2359.0,0.04427478191451234
2360.0,0.04219203539217614
2361.0,0.03924262789406262
2362.0,0.03611696145770843
2363.0,0.03357087343353067
2364.0,0.032299346330967656
2365.0,0.032643476590070684
2366.0,0.03438429385928256
2367.0,0.03711128078025068
2368.0,0.040297385651047166
2369.0,0.043459457916022105
2370.0,0.046286322919105
2371.0,0.048703443890260226
2372.0,0.05085793131017262
2373.0,0.05302984831797042
2374.0,0.05549384476780724
2375.0,0.058370321635383124
2376.0,0.06148355536229004
2377.0,0.06427443094328872
2378.0,0.06609918387293177
2379.0,0.06639013306865742
2380.0,0.06484574071138301
2381.0,0.06156189927780236
2382.0,0.0570651845766588
2383.0,0.05223082366105221
2384.0,0.048100189792150694
2385.0,0.045634646689463945
2386.0,0.045465169229103604
2387.0,0.047768135322606514
2388.0,0.05196265785153858
2389.0,0.056839373260573235
2390.0,0.06126202708486575
2391.0,0.06429590562324312
2392.0,0.06542966164886878
2393.0,0.06467662017091111
2394.0,0.06253777773944193
2395.0,0.05984148592887958
2396.0,0.0575040770661423
2397.0,0.05627395267063819
2398.0,0.056526532978356664
2399.0,0.05822910033285755
2400.0,0.06065847555351582
2401.0,0.06304954137281502
2402.0,0.06477334546067798
2403.0,0.06548724472420354
2404.0,0.06521473638938058
2405.0,0.06431839157621476
2406.0,0.06338147686906306
2407.0,0.06303395587101986
2408.0,0.06376808059489027
2409.0,0.06578967484300731
2410.0,0.06896031318530478
2411.0,0.07270505716815595
2412.0,0.07620388334787288
2413.0,0.0787544923573042
2414.0,0.07983310426016606
2415.0,0.079184699796169
2416.0,0.07684556582063766
2417.0,0.0731033797636536
2418.0,0.06841107296364561
2419.0,0.0632788624011369
2420.0,0.05817306391037268
2421.0,0.05344518409481696
2422.0,0.04936166365118933
2423.0,0.04599733678276578
2424.0,0.04338878777811125
2425.0,0.04161739437178978
2426.0,0.040804985219055116
2427.0,0.04108665449768137
2428.0,0.042553000372683863
2429.0,0.045184094816958106
2430.0,0.04879808714734458
2431.0,0.05303865234188524
2432.0,0.0574149065806807
2433.0,0.06137624144916613
2434.0,0.06440226774999785
2435.0,0.06640732470995056
2436.0,0.06756315028201133
2437.0,0.06827931003816366
2438.0,0.0690860084726833
2439.0,0.07048483700212277
2440.0,0.0728098726420608
2441.0,0.07613416499633116
2442.0,0.08024653646427425
2443.0,0.08470393049104147
2444.0,0.08894580439183974
2445.0,0.09236087337106967
2446.0,0.09460244924376111
2447.0,0.09564727273051746
2448.0,0.09564548813107525
2449.0,0.0948718642728843
2450.0,0.09364346499017431
2451.0,0.09225754506336666
2452.0,0.09096258022146285
2453.0,0.08996112250115183
2454.0,0.08943222671313367
2455.0,0.08955310358201828
2456.0,0.09051208783560509
2457.0,0.09253064826467036
2458.0,0.09552568202185599
2459.0,0.09932211990188271
2460.0,0.10357696189196094
2461.0,0.10783091158231808
2462.0,0.11159701127182751
2463.0,0.11446408924900782
2464.0,0.11618551387094787
2465.0,0.11672809158802286
2466.0,0.11626570187255045
2467.0,0.11511826391786799
2468.0,0.1136507877965521
2469.0,0.11218313321529198
2470.0,0.11082481509319031
2471.0,0.10952967179134226
2472.0,0.10816843882348497
2473.0,0.1066057840652521
2474.0,0.10476740869320032
2475.0,0.10267788069298377
2476.0,0.10045890974656013
2477.0,0.09829187064390431
2478.0,0.09635861406817586
2479.0,0.09478305070731113
2480.0,0.09361348371954545
2481.0,0.09271707941973154
2482.0,0.0919660010011603
2483.0,0.09125828834903434
2484.0,0.09055587000858689
2485.0,0.08989425950871764
2486.0,0.08936125914198242
2487.0,0.08905377265809244
2488.0,0.08902414830735206
2489.0,0.08923407668840208
2490.0,0.08954055189927485
2491.0,0.08969301617828625
2492.0,0.0893996875166377
2493.0,0.08849804839179336
2494.0,0.08695460782088808
2495.0,0.08489250316543327
2496.0,0.08257169107750843
2497.0,0.08033499310995901
2498.0,0.07853367791965675
2499.0,0.07744893889204335
2500.0,0.07722824342769205
2501.0,0.07785011684664847
2502.0,0.07912658134100155
2503.0,0.0807327208389759
2504.0,0.08223422332298959
2505.0,0.08332116335658171
2506.0,0.08379253555591314
2507.0,0.08357939489586716
2508.0,0.08274212032423792
2509.0,0.08144721496898216
2510.0,0.0799297105766368
2511.0,0.07845087250553896
2512.0,0.07725548831250956
2513.0,0.07653468859780749
2514.0,0.0764216044798205
2515.0,0.07690380324910126
2516.0,0.07779895832930558
2517.0,0.07887281130032162
2518.0,0.07984607234944598
2519.0,0.08044926696090748
2520.0,0.08048299589036491
2521.0,0.07986814189588114
2522.0,0.07867388794916509
2523.0,0.0771128393304302
2524.0,0.07549920451479866
2525.0,0.0741748532687467
2526.0,0.0734812389522141
2527.0,0.07346624831689964
2528.0,0.07399550102480625
2529.0,0.0747939308152437
2530.0,0.07551865664871854
2531.0,0.07585463723703555
2532.0,0.07559860670372884
2533.0,0.0747113633477182
2534.0,0.07332556239420673
2535.0,0.07170889375952344
2536.0,0.07019228166689916
2537.0,0.06910706674610119
2538.0,0.06868441411154165
2539.0,0.06890748904181587
2540.0,0.06966070897971773
2541.0,0.07074735158006948
2542.0,0.07194214090661818
2543.0,0.07303895572379042
2544.0,0.07388646199888822
2545.0,0.07440768400930489
2546.0,0.07460523916755575
2547.0,0.07455669806272806
2548.0,0.07439917741863043
2549.0,0.0743326713460847
2550.0,0.07455074939792077
2551.0,0.0751772627754269
2552.0,0.07625379264560622
2553.0,0.07771865135440686
2554.0,0.07940997573242191
2555.0,0.08109392376607592
2556.0,0.08251482184195053
2557.0,0.08345590061446734
2558.0,0.08379550988831681
2559.0,0.08354316752719063
2560.0,0.08284104661998352
2561.0,0.08196367804755304
2562.0,0.08120427149825155
2563.0,0.08072843780031462
2564.0,0.08057365354202839
2565.0,0.08064836877200819
2566.0,0.08076597387524875
2567.0,0.08070268008169898
2568.0,0.08026420399875196
2569.0,0.07934192300702626
2570.0,0.07794886468244988
2571.0,0.07622589340765991
2572.0,0.07443528581401083
2573.0,0.07290713331166038
2574.0,0.07188170247217585
2575.0,0.0714914105741681
2576.0,0.07172816743349912
2577.0,0.07244010363763828
2578.0,0.07335869645718346
2579.0,0.07415569856806717
2580.0,0.07451862660796127
2581.0,0.07423190096424881
2582.0,0.073242816466737
2583.0,0.07168985803214004
2584.0,0.06993720291996162
2585.0,0.06843831784846313
2586.0,0.06751972502891795
2587.0,0.06733341284715293
2588.0,0.06781935927526228
2589.0,0.06873842798799203
2590.0,0.06976623829339947
2591.0,0.07062242961911591
2592.0,0.07119552398665238
2593.0,0.071621507873504
2594.0,0.07228228556030027
2595.0,0.07379955200605336
2596.0,0.07665616033317281
2597.0,0.08093646260862634
2598.0,0.08635093731624205
2599.0,0.0922417216149792
2600.0,0.09772531980765589
2601.0,0.10190193685551795
2602.0,0.10407611435594254
2603.0,0.10392983668833071
2604.0,0.10160402772196774
2605.0,0.09766624956611926
2606.0,0.09297697658516303
2607.0,0.08859828339379656
2608.0,0.08531658347954656
2609.0,0.08355125771132856
2610.0,0.08344763197038517
2611.0,0.08487971353609755
2612.0,0.08757951505889623
2613.0,0.09123389882332439
2614.0,0.09552978660057303
2615.0,0.10016891233720362
2616.0,0.10486455038950371
2617.0,0.10933443661236626
2618.0,0.11326412458407681
2619.0,0.11642911169480732
2620.0,0.11877693072095737
2621.0,0.12037230313563045
2622.0,0.12140635953908556
2623.0,0.1221527979991071
2624.0,0.12290494717734368
2625.0,0.12391604173464255
2626.0,0.12535781962399084
2627.0,0.12730969552056617
2628.0,0.12977779654912008
2629.0,0.1327376142106464
2630.0,0.13621633390331456
2631.0,0.14018534254940146
2632.0,0.14467479987948006
2633.0,0.14969243915779992
2634.0,0.1551986422767444
2635.0,0.1611001936587828
2636.0,0.167265925244914
2637.0,0.17355824441814474
2638.0,0.17986906393892624
2639.0,0.18614865296946936
2640.0,0.1924178318365997
2641.0,0.19877326634343606
2642.0,0.20537021664144928
2643.0,0.21236293160909303
2644.0,0.21992421995901967
2645.0,0.22823997746645772
2646.0,0.23749752758618944
2647.0,0.2478561755617547
2648.0,0.2594078282644265
2649.0,0.2721154255124552
2650.0,0.28575827184148955
2651.0,0.2999578537098402
2652.0,0.31426474949131483
2653.0,0.32823031088614585
2654.0,0.34176899609440414
2655.0,0.3551850793209837
2656.0,0.3691440971845267
2657.0,0.38455220979513094
2658.0,0.4023565635634167
2659.0,0.423318409124776
2660.0,0.4478185205135244
2661.0,0.47574696640402325
2662.0,0.5065111408081677
2663.0,0.5391663362679088
2664.0,0.5726292414351868
2665.0,0.6058750203369979
2666.0,0.6384231993168553
2667.0,0.6702557539203933
2668.0,0.7016704743078654
2669.0,0.7331120231736187
2670.0,0.7649862779174558
2671.0,0.7975058438195901
2672.0,0.8306001102287589
2673.0,0.8639003194135568
2674.0,0.8967964357979941
2675.0,0.9285417829754568
2676.0,0.9581265156082555
2677.0,0.98502982809251
2678.0,1.0088905769877687
2679.0,1.0295533236826162
2680.0,1.047073033839872
2681.0,1.0616514861698005
2682.0,1.0735850431531018
2683.0,1.0832024280070278
2684.0,1.0907531872202456
2685.0,1.0962859213842304
2686.0,1.0996539364248346
2687.0,1.1004282741228026
2688.0,1.098067070600836
2689.0,1.092428569176577
2690.0,1.0833924283609735
2691.0,1.071050317078706
2692.0,1.0556580874031372
2693.0,1.037535242121068
2694.0,1.0169503634485482
2695.0,0.9940333702249696
2696.0,0.968747261755231
2697.0,0.9409393953003763
2698.0,0.9104603998870945
2699.0,0.8771261643395986
2700.0,0.8415306628388992
2701.0,0.8044236650973097
2702.0,0.7666705828709982
2703.0,0.7291310577112692
2704.0,0.6925052474659432
2705.0,0.6572425142745648
2706.0,0.623537260503037
2707.0,0.5914047742199144
2708.0,0.5608029388783614
2709.0,0.5317484702264865
2710.0,0.5044316660514756
2711.0,0.4792086134286945
2712.0,0.4560189334103487
2713.0,0.4346387777397394
2714.0,0.4146003434164193
2715.0,0.3952797939620457
2716.0,0.3760792885634837
2717.0,0.3566326274151951
2718.0,0.3369572995917134
2719.0,0.31749915752034663
2720.0,0.29903967729683156
2721.0,0.2824799031795316
2722.0,0.26878280502745455
2723.0,0.2580331513141047
2724.0,0.24974808891707231
2725.0,0.2431281767729029
2726.0,0.23723037304969308
2727.0,0.23122436311363823
2728.0,0.22458636702845455
2729.0,0.21718129061636793
2730.0,0.2092204899379822
2731.0,0.20111941974344005
2732.0,0.1933073951718852
2733.0,0.18606816753462646
2734.0,0.17942761352357559
2735.0,0.17310221977401616
2736.0,0.16682917427476107
2737.0,0.16045375225417216
2738.0,0.15401283543405475
2739.0,0.14772824952507346
2740.0,0.141916939388162
2741.0,0.13686955678580556
2742.0,0.13274171878936344
2743.0,0.1294826832880293
2744.0,0.1268264854782682
2745.0,0.1243267375529394
2746.0,0.12147244920509481
2747.0,0.11797481275833935
2748.0,0.11379028398628356
2749.0,0.10913926092003837
2750.0,0.1044643837079158
2751.0,0.10032887193387227
2752.0,0.09727506536839041
2753.0,0.09566958022354487
2754.0,0.09557196263405686
2755.0,0.09666038983385083
2756.0,0.09824089058650565
2757.0,0.09923098635703471
2758.0,0.09874468300903694
2759.0,0.09631733033441311
2760.0,0.09201882514464922
2761.0,0.08646848293283453
2762.0,0.08072367886846879
2763.0,0.0759985949253725
2764.0,0.07328540890675736
2765.0,0.07304781923435329
2766.0,0.07511569409467124
2767.0,0.07871344657013372
2768.0,0.08261196353825395
2769.0,0.08548659631973954
2770.0,0.08665610382085716
2771.0,0.08604029804000417
2772.0,0.08408984982298259
2773.0,0.08158314195982928
2774.0,0.07935655672245225
2775.0,0.07805475091602002
2776.0,0.07797313523486368
2777.0,0.07902836888503284
2778.0,0.08085556076724691
2779.0,0.08298423098189554
2780.0,0.08499142946117888
2781.0,0.0867008972668562
2782.0,0.0880862818138312
2783.0,0.08911831567125182
2784.0,0.08966797229944747
2785.0,0.08946113722409721
2786.0,0.08818235275046926
2787.0,0.08563418269360897
2788.0,0.08186641737795346
2789.0,0.07724436430931986
2790.0,0.0724280873347275
2791.0,0.0683004277982296
2792.0,0.06562846602672916
2793.0,0.0646283170126757
2794.0,0.06514002115940074
2795.0,0.06670910047562552
2796.0,0.06878798036583694
2797.0,0.07094514468491263
2798.0,0.07300516730768489
2799.0,0.07506935399582228
2800.0,0.07740593004548647
2801.0,0.08024487083812823
2802.0,0.08355220949769773
2803.0,0.08677079407834215
2804.0,0.08893979624038435
2805.0,0.0891422887904253
2806.0,0.08679274465148112
2807.0,0.08185041546962182
2808.0,0.0750958255542148
2809.0,0.06784898362600271
2810.0,0.061565171043446366
2811.0,0.057503303739717355
2812.0,0.05638519270253495
2813.0,0.058201082121615094
2814.0,0.06226402018500942
2815.0,0.06717731988260904
2816.0,0.07162674269853446
2817.0,0.07481409678894047
2818.0,0.07644676733195545
2819.0,0.07667079404859879
2820.0,0.07587670678347071
2821.0,0.07446050815279386
2822.0,0.07262820041884552
2823.0,0.07031387237556062
2824.0,0.06724114905599152
2825.0,0.06311188337999565
2826.0,0.057804306178967375
2827.0,0.05195896967935806
2828.0,0.046638245929105614
2829.0,0.04301259421569681
2830.0,0.042051349469483204
2831.0,0.04423873300578002
2832.0,0.04939586847383139
2833.0,0.05666370918881329
2834.0,0.06465925006967374
2835.0,0.07177290139285014
2836.0,0.07653992342283794
2837.0,0.0778712940933625
2838.0,0.07560937378703006
2839.0,0.07087126226800577
2840.0,0.0650973097460842
2841.0,0.05992197136372249
2842.0,0.056798505933347
2843.0,0.05667715317127782
2844.0,0.0598000237351726
2845.0,0.06565297452573529
2846.0,0.07307446925269005
2847.0,0.08049572603305258
2848.0,0.08631066485549653
2849.0,0.08918190689804197
2850.0,0.08904015021568373
2851.0,0.0865088148802281
2852.0,0.08262683520027221
2853.0,0.07857472370682722
2854.0,0.07535001200143127
2855.0,0.07352032167999813
2856.0,0.07311224327421652
2857.0,0.07365654610408558
2858.0,0.07437228945370139
2859.0,0.07443564273389926
2860.0,0.07321693977482518
2861.0,0.07057085469523651
2862.0,0.06706929212970827
2863.0,0.06346927916161897
2864.0,0.06057787114537677
2865.0,0.059082555272762655
2866.0,0.059321572624720466
2867.0,0.06122431254998738
2868.0,0.06440559900228995
2869.0,0.06830007087834118
2870.0,0.07226890106448385
2871.0,0.0757110959552351
2872.0,0.07803678594830193
2873.0,0.07898417030551451
2874.0,0.07852523081563034
2875.0,0.0768016646743597
2876.0,0.07414213561230651
2877.0,0.07103068648484176
2878.0,0.06804808543710342
2879.0,0.06579068611602452
2880.0,0.06477816387917192
2881.0,0.06536880680788998
2882.0,0.06770240852515051
2883.0,0.07172822692014721
2884.0,0.07710593887925372
2885.0,0.0831091529428491
2886.0,0.08914443030975593
2887.0,0.09460923072164144
2888.0,0.09894051305449364
2889.0,0.10167892141189182
2890.0,0.10254909209990545
2891.0,0.10154424364065424
2892.0,0.09899125516530001
2893.0,0.09556232579706905
2894.0,0.09220353118691628
2895.0,0.09011025552787115
2896.0,0.0901491003090629
2897.0,0.09249465884258615
2898.0,0.09673224970472315
2899.0,0.10190152044898143
2900.0,0.10668799461288916
2901.0,0.10984703305881238
2902.0,0.11063047221393539
2903.0,0.10900809286103713
2904.0,0.10564620494518455
2905.0,0.10174542748443755
2906.0,0.09873492719875293
2907.0,0.09801603105678926
2908.0,0.09985797562772541
2909.0,0.1039081835484321
2910.0,0.10929577029111873
2911.0,0.11493790040091026
2912.0,0.11987005736594908
2913.0,0.12351129458115304
2914.0,0.1257999838791184
2915.0,0.1271757315891055
2916.0,0.12842965064383888
2917.0,0.13048657996091131
2918.0,0.1341623194319977
2919.0,0.1395565686792685
2920.0,0.14619272067836195
2921.0,0.15331755549137607
2922.0,0.1600227120022343
2923.0,0.1654480132797993
2924.0,0.168963733667569
2925.0,0.17030111248954896
2926.0,0.16960720073977598
2927.0,0.16741226239917387
2928.0,0.16451353752521863
2929.0,0.16179844793386514
2930.0,0.16014448117084001
2931.0,0.15980046988503313
2932.0,0.1606084175391623
2933.0,0.1620601891853869
2934.0,0.1634574115753284
2935.0,0.16421199970613595
2936.0,0.1640166455538638
2937.0,0.1629038288283599
2938.0,0.16122047566118664
2939.0,0.15950856890293832
2940.0,0.15832906764494445
2941.0,0.15814043548390455
2942.0,0.1590194696824811
2943.0,0.16067105697958328
2944.0,0.16269390044730986
2945.0,0.1646581495666844
2946.0,0.16620170911088578
2947.0,0.16707961306314895
2948.0,0.16715069960759635
2949.0,0.16638058546164167
2950.0,0.16485154065957014
2951.0,0.16267974262506846
2952.0,0.16003871391056598
2953.0,0.15718609118886745
2954.0,0.15446588574577966
2955.0,0.15212449127762148
2956.0,0.1502790964810971
2957.0,0.14887295109394458
2958.0,0.147689642690474
2959.0,0.14643031035076598
2960.0,0.14482952465111826
2961.0,0.14277027535477094
2962.0,0.14035065594439664
2963.0,0.13786738582058408
2964.0,0.13574412889091012
2965.0,0.13415797690668838
2966.0,0.132846296316676
2967.0,0.13127935851978184
2968.0,0.12882553428676552
2969.0,0.12499578388381784
2970.0,0.11965352596696291
2971.0,0.11311409925763637
2972.0,0.10609015379975426
2973.0,0.09949064557587389
2974.0,0.09412697246571265
2975.0,0.09042297683679154
2976.0,0.08829971990711756
2977.0,0.08683034021306332
2978.0,0.08509642339502792
2979.0,0.08255241740353275
2980.0,0.07924864794284762
2981.0,0.07578004098035188
2982.0,0.07306209602989085
2983.0,0.07199603580977242
2984.0,0.0731189057788007
2985.0,0.07635491994733051
2986.0,0.08095692601556348
2987.0,0.08561740745885235
2988.0,0.08875187791912134
2989.0,0.08948522931656681
2990.0,0.08763733608082332
2991.0,0.0837131208807355
2992.0,0.07872837771880009
2993.0,0.07390079828107383
2994.0,0.0702198834716051
2995.0,0.06816509567386328
2996.0,0.06767427134061195
2997.0,0.0682146480517082
2998.0,0.06896703517653703
2999.0,0.06895436452049748
3000.0,0.06758105576308136
3001.0,0.06474015191105321
3002.0,0.0607333692434399
3003.0,0.05621018298390381
3004.0,0.052031126983470746
3005.0,0.049100993159332904
3006.0,0.04820905035812451
3007.0,0.04975534628813726
3008.0,0.053484147849304844
3009.0,0.058724326678066305
3010.0,0.06438965658060636
3011.0,0.06907536036267821
3012.0,0.07183530288667883
3013.0,0.07227550408241994
3014.0,0.07060553541106315
3015.0,0.06755220473876587
3016.0,0.06413201990780164
3017.0,0.06134643863848151
3018.0,0.05988372144901146
3019.0,0.059916320132155566
3020.0,0.06103437168268988
3021.0,0.06227050422964942
3022.0,0.06251457794669343
3023.0,0.06116018594336457
3024.0,0.058288051601098005
3025.0,0.05449244653414432
3026.0,0.05071111826272815
3027.0,0.04794814191967578
3028.0,0.04699213199849262
3029.0,0.04819917557454437
3030.0,0.05138902810416946
3031.0,0.05587200138960812
3032.0,0.06058602081616275
3033.0,0.06419459986157455
3034.0,0.06542561655679979
3035.0,0.06401834092333392
3036.0,0.06014623602695817
3037.0,0.05448673581592926
3038.0,0.04808252225767297
3039.0,0.042132191824214585
3040.0,0.03774737150809658
3041.0,0.03572089935483756
3042.0,0.03635330191050294
3043.0,0.03938027999770382
3044.0,0.04402803129830503
3045.0,0.049144834818962806
3046.0,0.053381711841322954
3047.0,0.05612470067062273
3048.0,0.05732763966795742
3049.0,0.05738700734273443
3050.0,0.05694865023308359
3051.0,0.05666781376753033
3052.0,0.05699112369980779
3053.0,0.05802500164331868
3054.0,0.05952257800855953
3055.0,0.060987793637248634
3056.0,0.0618404752507288
3057.0,0.061545837882822634
3058.0,0.060038743653890024
3059.0,0.057449170889970834
3060.0,0.05406021654924497
3061.0,0.050106852891601356
3062.0,0.04575207333276028
3063.0,0.041128890017813294
3064.0,0.0364124911253357
3065.0,0.031896264803624175
3066.0,0.028026182453282904
3067.0,0.02535903910027636
3068.0,0.02456715284112693
3069.0,0.02592035511149434
3070.0,0.02916868301617532
3071.0,0.033756174342278455
3072.0,0.03875519429975145
3073.0,0.04330604185064153
3074.0,0.0468162299801404
3075.0,0.049054058194003214
3076.0,0.050166399026322556
3077.0,0.050580069177023054
3078.0,0.05081801576931554
3079.0,0.051293314087419814
3080.0,0.05214409212816162
3081.0,0.05307761609637312
3082.0,0.05368128660101919
3083.0,0.05353578225983235
3084.0,0.05251493189224947
3085.0,0.05076667879202844
3086.0,0.04862456459491527
3087.0,0.046483104750930905
3088.0,0.044654901595699605
3089.0,0.04326612630978446
3090.0,0.04223611499839833
3091.0,0.041353571087585465
3092.0,0.04044473407832429
3093.0,0.03958794788612709
3094.0,0.03909420870712017
3095.0,0.03944131329862686
3096.0,0.040908016093517775
3097.0,0.04344845288612859
3098.0,0.04665174939821821
3099.0,0.049795321315642405
3100.0,0.0520396335741452
3101.0,0.052702374320327865
3102.0,0.05152376536205507
3103.0,0.048781906779068684
3104.0,0.04563440874287166
3105.0,0.0431463202005652
3106.0,0.04215789005618217
3107.0,0.042951144508237275
3108.0,0.04509569765792143
3109.0,0.04773958173153142
3110.0,0.0499794919780768
3111.0,0.05114090929505645
3112.0,0.05100551768404203
3113.0,0.04986492069388797
3114.0,0.0483951840799453
3115.0,0.04737415525241821
3116.0,0.047101408971002935
3117.0,0.0474025303835491
3118.0,0.0477349417729817
3119.0,0.047512640169132446
3120.0,0.04643985795778173
3121.0,0.04466424099944709
3122.0,0.042739907420929625
3123.0,0.04144654871852377
3124.0,0.04150448871374698
3125.0,0.04328361538431795
3126.0,0.04667447329778215
3127.0,0.05068351645802221
3128.0,0.054277521274656126
3129.0,0.05648649846420347
3130.0,0.0567493699620386
3131.0,0.05506583833492115
3132.0,0.051842792255671226
3133.0,0.04770787534810844
3134.0,0.04337659301525625
3135.0,0.03952102540704482
3136.0,0.0366911265849102
3137.0,0.03535124932371118
3138.0,0.03577943421654152
3139.0,0.03784457269104806
3140.0,0.041275584091961595
3141.0,0.04546278976318069
3142.0,0.04956736848022621
3143.0,0.05273699554950642
3144.0,0.05428769349147661
3145.0,0.05385260814746977
3146.0,0.05149104770561487
3147.0,0.047695323665365004
3148.0,0.04328278257124494
3149.0,0.0393057432276682
3150.0,0.03659469872838367
3151.0,0.03557753653298133
3152.0,0.03628173947287098
3153.0,0.038349019466708156
3154.0,0.04130294795007523
3155.0,0.044662872806541395
3156.0,0.04799579072478236
3157.0,0.05096167602441213
3158.0,0.053334955335937476
3159.0,0.05501467981757826
3160.0,0.05601465037168744
3161.0,0.056504165998681175
3162.0,0.05677173694171409
3163.0,0.05701087326696804
3164.0,0.05722942721198871
3165.0,0.05722960567193294
3166.0,0.056670431180045576
3167.0,0.055205750931189124
3168.0,0.05266323210589575
3169.0,0.04920432146703592
3170.0,0.04539687855711567
3171.0,0.04214569529332718
3172.0,0.04064805944143822
3173.0,0.041696095207190524
3174.0,0.04486828020233789
3175.0,0.04917808785523567
3176.0,0.05328308297881769
3177.0,0.05588128130670751
3178.0,0.05612261863794019
3179.0,0.0538966282670439
3180.0,0.04989995832960302
3181.0,0.045453569332729364
3182.0,0.04211720118890015
3183.0,0.04133156102779842
3184.0,0.04382744232100246
3185.0,0.0484675793306503
3186.0,0.0540001945213392
3187.0,0.059132524057144094
3188.0,0.06291420924844869
3189.0,0.0649656657938984
3190.0,0.06550164049303724
3191.0,0.06516833680388354
3192.0,0.06475978250491732
3193.0,0.06491760058225532
3194.0,0.0659227464747469
3195.0,0.06740009737964288
3196.0,0.06861790803899588
3197.0,0.06897619612034032
3198.0,0.06814076563480134
3199.0,0.06609781568002608
3200.0,0.06311569052547236
3201.0,0.059633580093864
3202.0,0.05612523605045539
3203.0,0.05299546503538414
3204.0,0.05051683487012133
3205.0,0.04877500632789219
3206.0,0.04777003889534485
3207.0,0.04757081811094795
3208.0,0.04816711227123294
3209.0,0.049608295294100505
3210.0,0.05186801459445425
3211.0,0.054779350637800976
3212.0,0.05800471669632573
3213.0,0.0610334793829688
3214.0,0.06326042154023426
3215.0,0.06416872316966278
3216.0,0.06353019348924586
3217.0,0.061420083108796035
3218.0,0.05826163952935352
3219.0,0.054950374751011215
3220.0,0.05236567989223401
3221.0,0.051180824835913505
3222.0,0.05173405066299357
3223.0,0.05396462150579147
3224.0,0.05733977494416434
3225.0,0.061013015976031655
3226.0,0.06413326912741119
3227.0,0.06609835105985874
3228.0,0.06668286686382527
3229.0,0.06610989146958492
3230.0,0.06507720325903549
3231.0,0.06456026428728005
3232.0,0.06530111100238274
3233.0,0.06781162601101277
3234.0,0.07210477740245007
3235.0,0.0777670734859384
3236.0,0.08418360078034584
3237.0,0.09072064802374946
3238.0,0.09683254419337445
3239.0,0.10214791414530032
3240.0,0.10648728666229045
3241.0,0.1097650604577676
3242.0,0.11203417864851689
3243.0,0.11331962562672902
3244.0,0.11369504586271852
3245.0,0.11325835437921371
3246.0,0.11216796412003334
3247.0,0.11065962067149122
3248.0,0.10901862199774608
3249.0,0.10751652464725163
3250.0,0.10633821312221918
3251.0,0.10552574448283648
3252.0,0.10496252489888012
3253.0,0.1043490985839501
3254.0,0.10341343309640792
3255.0,0.10204339610463585
3256.0,0.10025790436272103
3257.0,0.09817301632105423
3258.0,0.09593780551970658
3259.0,0.09366702170281127
3260.0,0.09139391790664107
3261.0,0.08905460547116549
3262.0,0.0865088148802281
3263.0,0.08360913821990369
3264.0,0.08027705311473578
3265.0,0.07656193348262501
3266.0,0.07263997877516397
3267.0,0.06872206915977193
3268.0,0.0650462702020375
3269.0,0.06184975516782819
3270.0,0.059343285251267155
3271.0,0.0577057962897583
3272.0,0.0569806540497469
3273.0,0.05696738852722661
3274.0,0.05734179749019883
3275.0,0.05762995081346504
3276.0,0.057188976291298994
3277.0,0.05565166284514524
3278.0,0.05299451324901496
3279.0,0.04959449439174754
3280.0,0.046255746781995434
3281.0,0.04399216084951694
3282.0,0.043637977346889546
3283.0,0.04556332219842426
3284.0,0.04954214614144321
3285.0,0.05471201175218221
3286.0,0.059719300353737355
3287.0,0.06290784417710482
3288.0,0.06284050529148606
3289.0,0.059204383928016406
3290.0,0.05266430286556107
3291.0,0.04478434454190672
3292.0,0.037310858484536004
3293.0,0.03178246684586029
3294.0,0.029212227242564847
3295.0,0.029859560946896582
3296.0,0.03319682139044688
3297.0,0.03807329885288923
3298.0,0.04302169567285199
3299.0,0.04634575008053006
3300.0,0.047578491888549394
3301.0,0.04697773622965892
3302.0,0.045260416186435934
3303.0,0.04335202502960205
3304.0,0.04210119928056848
3305.0,0.04205795248741933
3306.0,0.043366480285083824
3307.0,0.04577902078433742
3308.0,0.0487617408053719
3309.0,0.051670518922851474
3310.0,0.05409555161820042
3311.0,0.055889014570957025
3312.0,0.057209737131476514
3313.0,0.0582265424069904
3314.0,0.05903240802843699
3315.0,0.05957706777819451
3316.0,0.059634710340177366
3317.0,0.058949186207782694
3318.0,0.05736809058864717
3319.0,0.05488946042338432
3320.0,0.05172024976064062
3321.0,0.0482537843174755
3322.0,0.0450440037607459
3323.0,0.042577627844986136
3324.0,0.041108129177635754
3325.0,0.040690473421514356
3326.0,0.0410445379508456
3327.0,0.04178550363924442
3328.0,0.04252075860942823
3329.0,0.042909146934697655
3330.0,0.042727474711482326
3331.0,0.04190774870103469
3332.0,0.04054235166781229
3333.0,0.038858284660862163
3334.0,0.037247624177634275
3335.0,0.036014941856263014
3336.0,0.0353175798809018
3337.0,0.03518331851620075
3338.0,0.035522451896865634
3339.0,0.03617008303443772
3340.0,0.03694650276508814
3341.0,0.037720424056519465
3342.0,0.03846275793782397
3343.0,0.03927052713200892
3344.0,0.040316123945190206
3345.0,0.041795854316009136
3346.0,0.043732382657381594
3347.0,0.04595236487682249
3348.0,0.048133204881831274
3349.0,0.049856295129917357
3350.0,0.05064324399727671
3351.0,0.050214226291373336
3352.0,0.04858500597394664
3353.0,0.046013636124337814
3354.0,0.042955427546898545
3355.0,0.039972112659383316
3356.0,0.03761067119082454
3357.0,0.03631029306394607
3358.0,0.03603849856889997
3359.0,0.03655817392646678
3360.0,0.03743119997358794
3361.0,0.03827495858985711
3362.0,0.038818428606653174
3363.0,0.03890498167959957
3364.0,0.03846121128497407
3365.0,0.03743470968582425
3366.0,0.035726074693219916
3367.0,0.033134657843210444
3368.0,0.029487352989903043
3369.0,0.02494733200896226
3370.0,0.019979066648543067
3371.0,0.015269568207241969
3372.0,0.01162131156756539
3373.0,0.009740581702085522
3374.0,0.010051280464971455
3375.0,0.012549898143986837
3376.0,0.01670016260675252
3377.0,0.021565932472541714
3378.0,0.026378402301657403
3379.0,0.030644665728165658
3380.0,0.03429173263488078
3381.0,0.037748144834521546
3382.0,0.0414075254773878
3383.0,0.04541924553679116
3384.0,0.04945357052246232
3385.0,0.052861976997108075
3386.0,0.05494751939190369
3387.0,0.055248640804449856
3388.0,0.05376778018731753
3389.0,0.05105673568803298
3390.0,0.04811131379534035
3391.0,0.046265681052223624
3392.0,0.04643985795778173
3393.0,0.04835437623936714
3394.0,0.0512665450957869
3395.0,0.05414421169632425
3396.0,0.0560176841907392
3397.0,0.05628745613975081
3398.0,0.054892137322547614
3399.0,0.05233189147612844
3400.0,0.04951543663645837
3401.0,0.04737451217230666
3402.0,0.04641410023916607
3403.0,0.04669225980555599
3404.0,0.04748117173230177
3405.0,0.048006260374843214
3406.0,0.047597111209396276
3407.0,0.04582851367553425
3408.0,0.04290337672983455
3409.0,0.03945541163422018
3410.0,0.03625443510140541
3411.0,0.03402636269782658
3412.0,0.03323251337929075
3413.0,0.03391714521196432
3414.0,0.03568366071314378
3415.0,0.03758717396483566
3416.0,0.03876780546914294
3417.0,0.038892132563615775
3418.0,0.038100246304466345
3419.0,0.03694239818637107
3420.0,0.036190427468078726
3421.0,0.03657459224133495
3422.0,0.038551452530101005
3423.0,0.04207389490910291
3424.0,0.04637049652612848
3425.0,0.05041546962180472
3426.0,0.053049181478594186
3427.0,0.05380198500995957
3428.0,0.05276834501304097
3429.0,0.05050350986095295
3430.0,0.0478633139595235
3431.0,0.045685864693454904
3432.0,0.04445461005163739
3433.0,0.04418180428357404
3434.0,0.04449345483282915
3435.0,0.04477250669894017
3436.0,0.04436740262556219
3437.0,0.04275222115708076
3438.0,0.039723815390326114
3439.0,0.03587282825401632
3440.0,0.03184373809337561
3441.0,0.02826954233055005
3442.0,0.025646835503654118
3443.0,0.024240273709965128
3444.0,0.024044503151156475
3445.0,0.02481658035649754
3446.0,0.026140039302828395
3447.0,0.027506923502252614
3448.0,0.028605047025682468
3449.0,0.029314722737194845
3450.0,0.029826010477383345
3451.0,0.03043015687521398
3452.0,0.031419181886077716
3453.0,0.03305565957456935
3454.0,0.035370939404223374
3455.0,0.038230938470283
3456.0,0.04141466387515658
3457.0,0.04462694287110523
3458.0,0.04752465647204322
3459.0,0.04972649526382181
3460.0,0.050740207233635905
3461.0,0.04989900654323386
3462.0,0.04722579555212384
3463.0,0.04285079053293791
3464.0,0.03727326292295379
3465.0,0.031332866759723625
3466.0,0.026061873847260313
3467.0,0.022507070731706602
3468.0,0.02140008369771385
3469.0,0.02276000795931352
3470.0,0.025795790070429224
3471.0,0.029367308934091483
3472.0,0.03204652807665688
3473.0,0.032881482669011246
3474.0,0.031755697854227376
3475.0,0.029221685619608473
3476.0,0.026486549027854325
3477.0,0.0247535839961881
3478.0,0.02485132055897224
3479.0,0.027065711033494266
3480.0,0.031100749858942293
3481.0,0.03618537110299251
3482.0,0.0412811163502324
3483.0,0.04519575419998044
3484.0,0.047231982163523444
3485.0,0.04742894245529356
3486.0,0.0460583700836888
3487.0,0.04360882888933373
3488.0,0.04068220477743219
3489.0,0.037936301102376835
3490.0,0.03597907140747493
3491.0,0.035205982929116614
3492.0,0.03569668828907181
3493.0,0.037248278530763075
3494.0,0.03935035821372305
3495.0,0.041174575763533436
3496.0,0.041843265174523414
3497.0,0.04068339451039367
3498.0,0.037891626629673915
3499.0,0.034072405363435164
3500.0,0.030121064251826025
3501.0,0.02699724190156209
3502.0,0.025444640386853578
3503.0,0.025775564610084366
3504.0,0.02772857075297307
3505.0,0.03037501275245019
3506.0,0.03252753711297616
3507.0,0.03311502724934632
3508.0,0.03190268936161608
3509.0,0.02917171683522704
3510.0,0.025635711500464443
3511.0,0.022321531876366537
3512.0,0.020126296102524054
3513.0,0.019593593169029238
3514.0,0.020887844171156175
3515.0,0.02384153470793097
3516.0,0.028044801774129803
3517.0,0.03295209332027403
3518.0,0.03789049638336053
3519.0,0.04209293063648633
3520.0,0.04504989293890513
3521.0,0.046373411371884055
3522.0,0.04589924330009319
3523.0,0.04377765199656524
3524.0,0.040516534462548555
3525.0,0.03698784598549895
3526.0,0.03421475691227415
3527.0,0.032968571121790295
3528.0,0.03354154651603061
3529.0,0.0356385103472563
3530.0,0.03827388783019179
3531.0,0.040077641973065056
3532.0,0.03980745361751693
3533.0,0.03727790288150349
3534.0,0.03301776657974677
3535.0,0.028100600250022395
3536.0,0.023856703803189633
3537.0,0.021486815230604455
3538.0,0.0217390386184345
3539.0,0.024656858706421207
3540.0,0.029159462585723998
3541.0,0.033659924945696126
3542.0,0.03659196234257232
3543.0,0.037170172561843066
3544.0,0.035312226082575206
3545.0,0.03159377519817234
3546.0,0.02720258981071052
3547.0,0.02345118332327514
3548.0,0.021350352859924718
3549.0,0.02141531227962056
3550.0,0.02362643098849856
3551.0,0.027471112540112596
3552.0,0.032086741050754305
3553.0,0.03621297290769845
3554.0,0.03905119986056331
3555.0,0.04025223528515966
3556.0,0.03979609166773495
3557.0,0.03793118525064255
3558.0,0.03508040661503425
3559.0,0.03176420444490183
3560.0,0.02849826849239122
3561.0,0.025676519341042602
3562.0,0.023506386932686998
3563.0,0.02204729842874942
3564.0,0.021251664510771404
3565.0,0.020935314516318526
3566.0,0.020899979447363097
3567.0,0.020988436093047843
3568.0,0.021130073802109933
3569.0,0.021283013974305934
3570.0,0.021382535136532266
3571.0,0.021307998366496654
3572.0,0.020859171606784938
3573.0,0.019822973683999205
3574.0,0.018190957494113053
3575.0,0.016170374519013285
3576.0,0.014353354853619727
3577.0,0.013540767240940855
3578.0,0.014411711255379451
3579.0,0.017490680672996254
3580.0,0.02241094030842044
3581.0,0.02829708464860792
3582.0,0.03403546415498176
3583.0,0.038510287769634395
3584.0,0.04089373929798022
3585.0,0.04084109361443551
3586.0,0.0385063021642135
3587.0,0.034951618021955934
3588.0,0.031189860857755842
3589.0,0.027871398194996642
3590.0,0.025243635003014495
3591.0,0.02331228200002439
3592.0,0.022029987814160143
3593.0,0.02133482684477763
3594.0,0.02121127307672976
3595.0,0.021659385996664584
3596.0,0.022548116518877045
3597.0,0.023534881037114024
3598.0,0.024077458754188985
3599.0,0.02328753555442598
3600.0,0.021112049347743786
3601.0,0.017850039514006
3602.0,0.014108448323502672
3603.0,0.010610871363395316
3604.0,0.007988461969739739
3605.0,0.006639721197977812
3606.0,0.006575654078003075
3607.0,0.007511379052193301
3608.0,0.009244106137267241
3609.0,0.011691267865699377
3610.0,0.014914670864837708
3611.0,0.01892936525664474
3612.0,0.023224836627356915
3613.0,0.026946559277403786
3614.0,0.029165768170419742
3615.0,0.029161187698518116
3616.0,0.02670867217175937
3617.0,0.022251218658344105
3618.0,0.016950601395140357
3619.0,0.012404453289448062
3620.0,0.00990298025132515
3621.0,0.010069959272466405
3622.0,0.012809319416233735
3623.0,0.016793259210986962
3624.0,0.020434674886135137
3625.0,0.022514447076067666
3626.0,0.022542762720550478
3627.0,0.02069153823251488
3628.0,0.017648974643518823
3629.0,0.01440754719001434
3630.0,0.012090244814325822
3631.0,0.01170102367598338
3632.0,0.013491809729576688
3633.0,0.017367781258077183
3634.0,0.022672681559942183
3635.0,0.02821665870041306
3636.0,0.032801294667408665
3637.0,0.03527611768719481
3638.0,0.03520193783704765
3639.0,0.03275352688900596
3640.0,0.028636099055976645
3641.0,0.023975558126039714
3642.0,0.020093578446083848
3643.0,0.01821237268741939
3644.0,0.018813961159382876
3645.0,0.021537140934874313
3646.0,0.02518349400181256
3647.0,0.0285368158403426
3648.0,0.03069992882422559
3649.0,0.03115690525472333
3650.0,0.03024723543238912
3651.0,0.02873996274351232
3652.0,0.027412756138352874
3653.0,0.026839780744112536
3654.0,0.02718474381628858
3655.0,0.02811106990008325
3656.0,0.02874614935491192
3657.0,0.028062469308607507
3658.0,0.025676043447858038
3659.0,0.021660218809737616
3660.0,0.016542344529414516
3661.0,0.011228818663578924
3662.0,0.006711224148961705
3663.0,0.003732311273403911
3664.0,0.0026412666610947638
3665.0,0.003423873003144777
3666.0,0.005748849156434714
3667.0,0.009070999991374454
3668.0,0.012624494400670542
3669.0,0.015581456703089362
3670.0,0.01739984456138859
3671.0,0.017677766181186223
3672.0,0.01622420993551945
3673.0,0.01309860298581333
3674.0,0.008877549411840647
3675.0,0.0045586997884357544
3676.0,0.001256952873785105
3677.0,0.0
3678.0,0.0015057855226749855
3679.0,0.006025105150086301
3680.0,0.013099673745478647
3681.0,0.020839481526272737
3682.0,0.027927851024018034
3683.0,0.03331032191497039
3684.0,0.036363295667379225
3685.0,0.036804032242952985
3686.0,0.03487505870588582
3687.0,0.031173858949424163
3688.0,0.026247710135840752
3689.0,0.020580536147210428
3690.0,0.014678270925395127
3691.0,0.009267722336552264
3692.0,0.005417330066723215
3693.0,0.00375503517296785
3694.0,0.004677197191397411
3695.0,0.008102081467559414
3696.0,0.013411978647862557
3697.0,0.019466946095281556
3698.0,0.024897125277988544
3699.0,0.02858357234572808
3700.0,0.030022197442728497
